street,city,zip,state,beds,baths,sq__ft,type,sale_date,price
3526 HIGH ST,SACRAMENTO,95838,CA,2,1,836,Residential,Wed May 21 00:00:00 EDT 2008,59222
51 OMAHA CT,SACRAMENTO,95823,CA,3,1,1167,Residential,Wed May 21 00:00:00 EDT 2008,68212
2796 BRANCH ST,SACRAMENTO,95815,CA,2,1,796,Residential,Wed May 21 00:00:00 EDT 2008,68880
2805 JANETTE WAY,SACRAMENTO,95815,CA,2,1,852,Residential,Wed May 21 00:00:00 EDT 2008,69307
6001 MCMAHON DR,SACRAMENTO,95824,CA,2,1,797,Residential,Wed May 21 00:00:00 EDT 2008,81900
5828 PEPPERMILL CT,SACRAMENTO,95841,CA,3,1,1122,Condo,Wed May 21 00:00:00 EDT 2008,89921
6048 OGDEN NASH WAY,SACRAMENTO,95842,CA,3,2,1104,Residential,Wed May 21 00:00:00 EDT 2008,90895
2561 19TH AVE,SACRAMENTO,95820,CA,3,1,1177,Residential,Wed May 21 00:00:00 EDT 2008,91002
11150 TRINITY RIVER DR Unit 114,RANCHO CORDOVA,95670,CA,2,2,941,Condo,Wed May 21 00:00:00 EDT 2008,94905
7325 10TH ST,RIO LINDA,95673,CA,3,2,1146,Residential,Wed May 21 00:00:00 EDT 2008,98937
645 MORRISON AVE,SACRAMENTO,95838,CA,3,2,909,Residential,Wed May 21 00:00:00 EDT 2008,100309
4085 FAWN CIR,SACRAMENTO,95823,CA,3,2,1289,Residential,Wed May 21 00:00:00 EDT 2008,106250
2930 LA ROSA RD,SACRAMENTO,95815,CA,1,1,871,Residential,Wed May 21 00:00:00 EDT 2008,106852
2113 KIRK WAY,SACRAMENTO,95822,CA,3,1,1020,Residential,Wed May 21 00:00:00 EDT 2008,107502
4533 LOCH HAVEN WAY,SACRAMENTO,95842,CA,2,2,1022,Residential,Wed May 21 00:00:00 EDT 2008,108750
7340 HAMDEN PL,SACRAMENTO,95842,CA,2,2,1134,Condo,Wed May 21 00:00:00 EDT 2008,110700
6715 6TH ST,RIO LINDA,95673,CA,2,1,844,Residential,Wed May 21 00:00:00 EDT 2008,113263
6236 LONGFORD DR Unit 1,CITRUS HEIGHTS,95621,CA,2,1,795,Condo,Wed May 21 00:00:00 EDT 2008,116250
250 PERALTA AVE,SACRAMENTO,95833,CA,2,1,588,Residential,Wed May 21 00:00:00 EDT 2008,120000
113 LEEWILL AVE,RIO LINDA,95673,CA,3,2,1356,Residential,Wed May 21 00:00:00 EDT 2008,121630
6118 STONEHAND AVE,CITRUS HEIGHTS,95621,CA,3,2,1118,Residential,Wed May 21 00:00:00 EDT 2008,122000
4882 BANDALIN WAY,SACRAMENTO,95823,CA,4,2,1329,Residential,Wed May 21 00:00:00 EDT 2008,122682
7511 OAKVALE CT,NORTH HIGHLANDS,95660,CA,4,2,1240,Residential,Wed May 21 00:00:00 EDT 2008,123000
9 PASTURE CT,SACRAMENTO,95834,CA,3,2,1601,Residential,Wed May 21 00:00:00 EDT 2008,124100
3729 BAINBRIDGE DR,NORTH HIGHLANDS,95660,CA,3,2,901,Residential,Wed May 21 00:00:00 EDT 2008,125000
3828 BLACKFOOT WAY,ANTELOPE,95843,CA,3,2,1088,Residential,Wed May 21 00:00:00 EDT 2008,126640
4108 NORTON WAY,SACRAMENTO,95820,CA,3,1,963,Residential,Wed May 21 00:00:00 EDT 2008,127281
1469 JANRICK AVE,SACRAMENTO,95832,CA,3,2,1119,Residential,Wed May 21 00:00:00 EDT 2008,129000
9861 CULP WAY,SACRAMENTO,95827,CA,4,2,1380,Residential,Wed May 21 00:00:00 EDT 2008,131200
7825 CREEK VALLEY CIR,SACRAMENTO,95828,CA,3,2,1248,Residential,Wed May 21 00:00:00 EDT 2008,132000
5201 LAGUNA OAKS DR Unit 140,ELK GROVE,95758,CA,2,2,1039,Condo,Wed May 21 00:00:00 EDT 2008,133000
6768 MEDORA DR,NORTH HIGHLANDS,95660,CA,3,2,1152,Residential,Wed May 21 00:00:00 EDT 2008,134555
3100 EXPLORER DR,SACRAMENTO,95827,CA,3,2,1380,Residential,Wed May 21 00:00:00 EDT 2008,136500
7944 DOMINION WAY,ELVERTA,95626,CA,3,2,1116,Residential,Wed May 21 00:00:00 EDT 2008,138750
5201 LAGUNA OAKS DR Unit 162,ELK GROVE,95758,CA,2,2,1039,Condo,Wed May 21 00:00:00 EDT 2008,141000
3920 SHINING STAR DR,SACRAMENTO,95823,CA,3,2,1418,Residential,Wed May 21 00:00:00 EDT 2008,146250
5031 CORVAIR ST,NORTH HIGHLANDS,95660,CA,3,2,1082,Residential,Wed May 21 00:00:00 EDT 2008,147308
7661 NIXOS WAY,SACRAMENTO,95823,CA,4,2,1472,Residential,Wed May 21 00:00:00 EDT 2008,148750
7044 CARTHY WAY,SACRAMENTO,95828,CA,4,2,1146,Residential,Wed May 21 00:00:00 EDT 2008,149593
2442 LARKSPUR LN,SACRAMENTO,95825,CA,1,1,760,Condo,Wed May 21 00:00:00 EDT 2008,150000
4800 WESTLAKE PKWY Unit 2109,SACRAMENTO,95835,CA,2,2,1304,Condo,Wed May 21 00:00:00 EDT 2008,152000
2178 63RD AVE,SACRAMENTO,95822,CA,3,2,1207,Residential,Wed May 21 00:00:00 EDT 2008,154000
8718 ELK WAY,ELK GROVE,95624,CA,3,2,1056,Residential,Wed May 21 00:00:00 EDT 2008,156896
5708 RIDGEPOINT DR,ANTELOPE,95843,CA,2,2,1043,Residential,Wed May 21 00:00:00 EDT 2008,161250
7315 KOALA CT,NORTH HIGHLANDS,95660,CA,4,2,1587,Residential,Wed May 21 00:00:00 EDT 2008,161500
2622 ERIN DR,SACRAMENTO,95833,CA,4,1,1120,Residential,Wed May 21 00:00:00 EDT 2008,164000
8421 SUNBLAZE WAY,SACRAMENTO,95823,CA,4,2,1580,Residential,Wed May 21 00:00:00 EDT 2008,165000
7420 ALIX PKWY,SACRAMENTO,95823,CA,4,1,1955,Residential,Wed May 21 00:00:00 EDT 2008,166357
3820 NATOMA WAY,SACRAMENTO,95838,CA,4,2,1656,Residential,Wed May 21 00:00:00 EDT 2008,166357
4431 GREEN TREE DR,SACRAMENTO,95823,CA,3,2,1477,Residential,Wed May 21 00:00:00 EDT 2008,168000
9417 SARA ST,ELK GROVE,95624,CA,3,2,1188,Residential,Wed May 21 00:00:00 EDT 2008,170000
8299 HALBRITE WAY,SACRAMENTO,95828,CA,4,2,1590,Residential,Wed May 21 00:00:00 EDT 2008,173000
7223 KALLIE KAY LN,SACRAMENTO,95823,CA,3,2,1463,Residential,Wed May 21 00:00:00 EDT 2008,174250
8156 STEINBECK WAY,SACRAMENTO,95828,CA,4,2,1714,Residential,Wed May 21 00:00:00 EDT 2008,174313
7957 VALLEY GREEN DR,SACRAMENTO,95823,CA,3,2,1185,Residential,Wed May 21 00:00:00 EDT 2008,178480
1122 WILD POPPY CT,GALT,95632,CA,3,2,1406,Residential,Wed May 21 00:00:00 EDT 2008,178760
4520 BOMARK WAY,SACRAMENTO,95842,CA,4,2,1943,Multi-Family,Wed May 21 00:00:00 EDT 2008,179580
9012 KIEFER BLVD,SACRAMENTO,95826,CA,3,2,1172,Residential,Wed May 21 00:00:00 EDT 2008,181000
5332 SANDSTONE ST,CARMICHAEL,95608,CA,3,1,1152,Residential,Wed May 21 00:00:00 EDT 2008,181872
5993 SAWYER CIR,SACRAMENTO,95823,CA,4,3,1851,Residential,Wed May 21 00:00:00 EDT 2008,182587
4844 CLYDEBANK WAY,ANTELOPE,95843,CA,3,2,1215,Residential,Wed May 21 00:00:00 EDT 2008,182716
306 CAMELLIA WAY,GALT,95632,CA,3,2,1130,Residential,Wed May 21 00:00:00 EDT 2008,182750
9021 MADISON AVE,ORANGEVALE,95662,CA,4,2,1603,Residential,Wed May 21 00:00:00 EDT 2008,183200
404 6TH ST,GALT,95632,CA,3,1,1479,Residential,Wed May 21 00:00:00 EDT 2008,188741
8317 SUNNY CREEK WAY,SACRAMENTO,95823,CA,3,2,1420,Residential,Wed May 21 00:00:00 EDT 2008,189000
2617 BASS CT,SACRAMENTO,95826,CA,3,2,1280,Residential,Wed May 21 00:00:00 EDT 2008,192067
7005 TIANT WAY,ELK GROVE,95758,CA,3,2,1586,Residential,Wed May 21 00:00:00 EDT 2008,194000
7895 CABER WAY,ANTELOPE,95843,CA,3,2,1362,Residential,Wed May 21 00:00:00 EDT 2008,194818
7624 BOGEY CT,SACRAMENTO,95828,CA,4,4,2162,Multi-Family,Wed May 21 00:00:00 EDT 2008,195000
6930 HAMPTON COVE WAY,SACRAMENTO,95823,CA,3,2,1266,Residential,Wed May 21 00:00:00 EDT 2008,198000
8708 MESA BROOK WAY,ELK GROVE,95624,CA,4,2,1715,Residential,Wed May 21 00:00:00 EDT 2008,199500
120 GRANT LN,FOLSOM,95630,CA,3,2,1820,Residential,Wed May 21 00:00:00 EDT 2008,200000
5907 ELLERSLEE DR,CARMICHAEL,95608,CA,3,1,936,Residential,Wed May 21 00:00:00 EDT 2008,200000
17 SERASPI CT,SACRAMENTO,95834,CA,0,0,0,Residential,Wed May 21 00:00:00 EDT 2008,206000
170 PENHOW CIR,SACRAMENTO,95834,CA,3,2,1511,Residential,Wed May 21 00:00:00 EDT 2008,208000
8345 STAR THISTLE WAY,SACRAMENTO,95823,CA,4,2,1590,Residential,Wed May 21 00:00:00 EDT 2008,212864
9080 FRESCA WAY,ELK GROVE,95758,CA,4,2,1596,Residential,Wed May 21 00:00:00 EDT 2008,221000
391 NATALINO CIR,SACRAMENTO,95835,CA,2,2,1341,Residential,Wed May 21 00:00:00 EDT 2008,221000
8373 BLACKMAN WAY,ELK GROVE,95624,CA,5,3,2136,Residential,Wed May 21 00:00:00 EDT 2008,223058
9837 CORTE DORADO CT,ELK GROVE,95624,CA,4,2,1616,Residential,Wed May 21 00:00:00 EDT 2008,227887
5037 J PKWY,SACRAMENTO,95823,CA,3,2,1478,Residential,Wed May 21 00:00:00 EDT 2008,231477
10245 LOS PALOS DR,RANCHO CORDOVA,95670,CA,3,2,1287,Residential,Wed May 21 00:00:00 EDT 2008,234697
6613 NAVION DR,CITRUS HEIGHTS,95621,CA,4,2,1277,Residential,Wed May 21 00:00:00 EDT 2008,235000
2887 AZEVEDO DR,SACRAMENTO,95833,CA,4,2,1448,Residential,Wed May 21 00:00:00 EDT 2008,236000
9186 KINBRACE CT,SACRAMENTO,95829,CA,4,3,2235,Residential,Wed May 21 00:00:00 EDT 2008,236685
4243 MIDDLEBURY WAY,MATHER,95655,CA,3,2,2093,Residential,Wed May 21 00:00:00 EDT 2008,237800
1028 FALLON PLACE CT,RIO LINDA,95673,CA,3,2,1193,Residential,Wed May 21 00:00:00 EDT 2008,240122
4804 NORIKER DR,ELK GROVE,95757,CA,3,2,2163,Residential,Wed May 21 00:00:00 EDT 2008,242638
7713 HARVEST WOODS DR,SACRAMENTO,95828,CA,3,2,1269,Residential,Wed May 21 00:00:00 EDT 2008,244000
2866 KARITSA AVE,SACRAMENTO,95833,CA,0,0,0,Residential,Wed May 21 00:00:00 EDT 2008,244500
6913 RICHEVE WAY,SACRAMENTO,95828,CA,3,1,958,Residential,Wed May 21 00:00:00 EDT 2008,244960
8636 TEGEA WAY,ELK GROVE,95624,CA,5,3,2508,Residential,Wed May 21 00:00:00 EDT 2008,245918
5448 MAIDSTONE WAY,CITRUS HEIGHTS,95621,CA,3,2,1305,Residential,Wed May 21 00:00:00 EDT 2008,250000
18 OLLIE CT,ELK GROVE,95758,CA,4,2,1591,Residential,Wed May 21 00:00:00 EDT 2008,250000
4010 ALEX LN,CARMICHAEL,95608,CA,2,2,1326,Condo,Wed May 21 00:00:00 EDT 2008,250134
4901 MILLNER WAY,ELK GROVE,95757,CA,3,2,1843,Residential,Wed May 21 00:00:00 EDT 2008,254200
4818 BRITTNEY LEE CT,SACRAMENTO,95841,CA,4,2,1921,Residential,Wed May 21 00:00:00 EDT 2008,254200
5529 LAGUNA PARK DR,ELK GROVE,95758,CA,5,3,2790,Residential,Wed May 21 00:00:00 EDT 2008,258000
230 CANDELA CIR,SACRAMENTO,95835,CA,3,2,1541,Residential,Wed May 21 00:00:00 EDT 2008,260000
4900 71ST ST,SACRAMENTO,95820,CA,3,1,1018,Residential,Wed May 21 00:00:00 EDT 2008,260014
12209 CONSERVANCY WAY,RANCHO CORDOVA,95742,CA,0,0,0,Residential,Wed May 21 00:00:00 EDT 2008,263500
4236 NATOMAS CENTRAL DR,SACRAMENTO,95834,CA,3,2,1672,Condo,Wed May 21 00:00:00 EDT 2008,265000
5615 LUPIN LN,POLLOCK PINES,95726,CA,3,2,1380,Residential,Wed May 21 00:00:00 EDT 2008,265000
5625 JAMES WAY,SACRAMENTO,95822,CA,3,1,975,Residential,Wed May 21 00:00:00 EDT 2008,271742
7842 LAHONTAN CT,SACRAMENTO,95829,CA,4,3,2372,Residential,Wed May 21 00:00:00 EDT 2008,273750
6850 21ST ST,SACRAMENTO,95822,CA,3,2,1446,Residential,Wed May 21 00:00:00 EDT 2008,275086
2900 BLAIR RD,POLLOCK PINES,95726,CA,2,2,1284,Residential,Wed May 21 00:00:00 EDT 2008,280908
2064 EXPEDITION WAY,SACRAMENTO,95832,CA,4,3,3009,Residential,Wed May 21 00:00:00 EDT 2008,280987
2912 NORCADE CIR,SACRAMENTO,95826,CA,8,4,3612,Multi-Family,Wed May 21 00:00:00 EDT 2008,282400
9507 SEA CLIFF WAY,ELK GROVE,95758,CA,4,2,2056,Residential,Wed May 21 00:00:00 EDT 2008,285000
8882 AUTUMN GOLD CT,ELK GROVE,95624,CA,4,2,1993,Residential,Wed May 21 00:00:00 EDT 2008,287417
5322 WHITE LOTUS WAY,ELK GROVE,95757,CA,3,2,1857,Residential,Wed May 21 00:00:00 EDT 2008,291000
1838 CASTRO WAY,SACRAMENTO,95818,CA,2,1,1126,Residential,Wed May 21 00:00:00 EDT 2008,292024
10158 CRAWFORD WAY,SACRAMENTO,95827,CA,4,4,2213,Multi-Family,Wed May 21 00:00:00 EDT 2008,297000
7731 MASTERS ST,ELK GROVE,95758,CA,5,3,2494,Residential,Wed May 21 00:00:00 EDT 2008,297000
4925 PERCHERON DR,ELK GROVE,95757,CA,3,2,1843,Residential,Wed May 21 00:00:00 EDT 2008,298000
2010 PROMONTORY POINT LN,GOLD RIVER,95670,CA,2,2,1520,Residential,Wed May 21 00:00:00 EDT 2008,299000
4727 SAVOIE WAY,SACRAMENTO,95835,CA,5,3,2800,Residential,Wed May 21 00:00:00 EDT 2008,304037
8664 MAGNOLIA HILL WAY,ELK GROVE,95624,CA,4,2,2309,Residential,Wed May 21 00:00:00 EDT 2008,311000
9570 HARVEST ROSE WAY,SACRAMENTO,95827,CA,5,3,2367,Residential,Wed May 21 00:00:00 EDT 2008,315537
4359 CREGAN CT,RANCHO CORDOVA,95742,CA,5,4,3516,Residential,Wed May 21 00:00:00 EDT 2008,320000
5337 DUSTY ROSE WAY,RANCHO CORDOVA,95742,CA,0,0,0,Residential,Wed May 21 00:00:00 EDT 2008,320000
8929 SUTTERS GOLD DR,SACRAMENTO,95826,CA,4,3,1914,Residential,Wed May 21 00:00:00 EDT 2008,328360
8025 PEERLESS AVE,ORANGEVALE,95662,CA,2,1,1690,Residential,Wed May 21 00:00:00 EDT 2008,334150
4620 WELERA WAY,ELK GROVE,95757,CA,3,3,2725,Residential,Wed May 21 00:00:00 EDT 2008,335750
9723 TERRAPIN CT,ELK GROVE,95757,CA,4,3,2354,Residential,Wed May 21 00:00:00 EDT 2008,335750
2115 SMOKESTACK WAY,SACRAMENTO,95833,CA,0,0,0,Residential,Wed May 21 00:00:00 EDT 2008,339500
100 REBECCA WAY,FOLSOM,95630,CA,3,2,2185,Residential,Wed May 21 00:00:00 EDT 2008,344250
9488 OAK VILLAGE WAY,ELK GROVE,95758,CA,4,2,1801,Residential,Wed May 21 00:00:00 EDT 2008,346210
8495 DARTFORD DR,SACRAMENTO,95823,CA,3,3,1961,Residential,Wed May 21 00:00:00 EDT 2008,347029
6708 PONTA DO SOL WAY,ELK GROVE,95757,CA,4,2,3134,Residential,Wed May 21 00:00:00 EDT 2008,347650
4143 SEA MEADOW WAY,SACRAMENTO,95823,CA,4,3,1915,Residential,Wed May 21 00:00:00 EDT 2008,351300
3020 RICHARDSON CIR,EL DORADO HILLS,95762,CA,3,2,0,Residential,Wed May 21 00:00:00 EDT 2008,352000
8082 LINDA ISLE LN,SACRAMENTO,95831,CA,0,0,0,Residential,Wed May 21 00:00:00 EDT 2008,370000
15300 MURIETA SOUTH PKWY,RANCHO MURIETA,95683,CA,4,3,2734,Residential,Wed May 21 00:00:00 EDT 2008,370500
11215 SHARRMONT CT,WILTON,95693,CA,3,2,2110,Residential,Wed May 21 00:00:00 EDT 2008,372000
7105 DANBERG WAY,ELK GROVE,95757,CA,5,3,3164,Residential,Wed May 21 00:00:00 EDT 2008,375000
5579 JERRY LITELL WAY,SACRAMENTO,95835,CA,5,3,3599,Residential,Wed May 21 00:00:00 EDT 2008,381300
1050 FOXHALL WAY,SACRAMENTO,95831,CA,4,2,2054,Residential,Wed May 21 00:00:00 EDT 2008,381942
7837 ABBINGTON WAY,ANTELOPE,95843,CA,4,2,1830,Residential,Wed May 21 00:00:00 EDT 2008,387731
1300 F ST,SACRAMENTO,95814,CA,3,3,1627,Residential,Wed May 21 00:00:00 EDT 2008,391000
6801 RAWLEY WAY,ELK GROVE,95757,CA,4,3,3440,Residential,Wed May 21 00:00:00 EDT 2008,394470
1693 SHELTER COVE DR,GREENWOOD,95635,CA,3,2,2846,Residential,Wed May 21 00:00:00 EDT 2008,395000
9361 WADDELL LN,ELK GROVE,95624,CA,4,3,2359,Residential,Wed May 21 00:00:00 EDT 2008,400186
10 SEA FOAM CT,SACRAMENTO,95831,CA,3,3,2052,Residential,Wed May 21 00:00:00 EDT 2008,415000
6945 RIO TEJO WAY,ELK GROVE,95757,CA,5,3,3433,Residential,Wed May 21 00:00:00 EDT 2008,425000
4186 TULIP PARK WAY,RANCHO CORDOVA,95742,CA,5,3,3615,Residential,Wed May 21 00:00:00 EDT 2008,430000
9278 DAIRY CT,ELK GROVE,95624,CA,0,0,0,Residential,Wed May 21 00:00:00 EDT 2008,445000
207 ORANGE BLOSSOM CIR Unit C,FOLSOM,95630,CA,5,3,2687,Residential,Wed May 21 00:00:00 EDT 2008,460000
6507 RIO DE ONAR WAY,ELK GROVE,95757,CA,4,3,2724,Residential,Wed May 21 00:00:00 EDT 2008,461000
7004 RAWLEY WAY,ELK GROVE,95757,CA,4,3,3440,Residential,Wed May 21 00:00:00 EDT 2008,489332
6503 RIO DE ONAR WAY,ELK GROVE,95757,CA,5,4,3508,Residential,Wed May 21 00:00:00 EDT 2008,510000
2217 APPALOOSA CT,FOLSOM,95630,CA,4,2,2462,Residential,Wed May 21 00:00:00 EDT 2008,539000
868 HILDEBRAND CIR,FOLSOM,95630,CA,0,0,0,Residential,Wed May 21 00:00:00 EDT 2008,585000
6030 PALERMO WAY,EL DORADO HILLS,95762,CA,4,3,0,Residential,Wed May 21 00:00:00 EDT 2008,600000
4070 REDONDO DR,EL DORADO HILLS,95762,CA,4,3,0,Residential,Wed May 21 00:00:00 EDT 2008,606238
4004 CRESTA WAY,SACRAMENTO,95864,CA,3,3,2325,Residential,Wed May 21 00:00:00 EDT 2008,660000
315 JUMEL CT,EL DORADO HILLS,95762,CA,6,5,0,Residential,Wed May 21 00:00:00 EDT 2008,830000
6272 LONGFORD DR Unit 1,CITRUS HEIGHTS,95621,CA,2,1,795,Condo,Tue May 20 00:00:00 EDT 2008,69000
3432 Y ST,SACRAMENTO,95817,CA,4,2,1099,Residential,Tue May 20 00:00:00 EDT 2008,70000
9512 EMERALD PARK DR Unit 3,ELK GROVE,95624,CA,2,1,840,Condo,Tue May 20 00:00:00 EDT 2008,71000
3132 CLAY ST,SACRAMENTO,95815,CA,2,1,800,Residential,Tue May 20 00:00:00 EDT 2008,78000
5221 38TH AVE,SACRAMENTO,95824,CA,2,1,746,Residential,Tue May 20 00:00:00 EDT 2008,78400
6112 HERMOSA ST,SACRAMENTO,95822,CA,3,1,1067,Residential,Tue May 20 00:00:00 EDT 2008,80000
483 ARCADE BLVD,SACRAMENTO,95815,CA,4,2,1316,Residential,Tue May 20 00:00:00 EDT 2008,89000
671 SONOMA AVE,SACRAMENTO,95815,CA,3,1,1337,Residential,Tue May 20 00:00:00 EDT 2008,90000
5980 79TH ST,SACRAMENTO,95824,CA,2,1,868,Residential,Tue May 20 00:00:00 EDT 2008,90000
7607 ELDER CREEK RD,SACRAMENTO,95824,CA,3,1,924,Residential,Tue May 20 00:00:00 EDT 2008,92000
5028 14TH AVE,SACRAMENTO,95820,CA,2,1,610,Residential,Tue May 20 00:00:00 EDT 2008,93675
14788 NATCHEZ CT,RANCHO MURIETA,95683,CA,0,0,0,Residential,Tue May 20 00:00:00 EDT 2008,97750
1069 ACACIA AVE,SACRAMENTO,95815,CA,2,1,1220,Residential,Tue May 20 00:00:00 EDT 2008,98000
5201 LAGUNA OAKS DR Unit 199,ELK GROVE,95758,CA,1,1,722,Condo,Tue May 20 00:00:00 EDT 2008,98000
3847 LAS PASAS WAY,SACRAMENTO,95864,CA,3,1,1643,Residential,Tue May 20 00:00:00 EDT 2008,99000
5201 LAGUNA OAKS DR Unit 172,ELK GROVE,95758,CA,1,1,722,Condo,Tue May 20 00:00:00 EDT 2008,100000
1121 CREEKSIDE WAY,GALT,95632,CA,3,1,1080,Residential,Tue May 20 00:00:00 EDT 2008,106716
5307 CABRILLO WAY,SACRAMENTO,95820,CA,3,1,1039,Residential,Tue May 20 00:00:00 EDT 2008,111000
3725 DON JULIO BLVD,NORTH HIGHLANDS,95660,CA,3,1,1051,Residential,Tue May 20 00:00:00 EDT 2008,111000
4803 MCCLOUD DR,SACRAMENTO,95842,CA,2,2,967,Residential,Tue May 20 00:00:00 EDT 2008,114800
10542 SILVERWOOD WAY,RANCHO CORDOVA,95670,CA,3,1,1098,Residential,Tue May 20 00:00:00 EDT 2008,120108
6318 39TH AVE,SACRAMENTO,95824,CA,3,1,1050,Residential,Tue May 20 00:00:00 EDT 2008,123225
211 MCDANIEL CIR,SACRAMENTO,95838,CA,3,2,1110,Residential,Tue May 20 00:00:00 EDT 2008,123750
3800 LYNHURST WAY,NORTH HIGHLANDS,95660,CA,3,1,888,Residential,Tue May 20 00:00:00 EDT 2008,125000
6139 HERMOSA ST,SACRAMENTO,95822,CA,3,2,1120,Residential,Tue May 20 00:00:00 EDT 2008,125000
2505 RHINE WAY,ELVERTA,95626,CA,3,2,1080,Residential,Tue May 20 00:00:00 EDT 2008,126000
3692 PAYNE WAY,NORTH HIGHLANDS,95660,CA,3,1,957,Residential,Tue May 20 00:00:00 EDT 2008,129000
604 MORRISON AVE,SACRAMENTO,95838,CA,2,1,952,Residential,Tue May 20 00:00:00 EDT 2008,134000
648 SANTA ANA AVE,SACRAMENTO,95838,CA,3,2,1211,Residential,Tue May 20 00:00:00 EDT 2008,135000
14 ASHLEY OAKS CT,SACRAMENTO,95815,CA,3,2,1264,Residential,Tue May 20 00:00:00 EDT 2008,135500
3174 NORTHVIEW DR,SACRAMENTO,95833,CA,3,1,1080,Residential,Tue May 20 00:00:00 EDT 2008,140000
840 TRANQUIL LN,GALT,95632,CA,3,2,1266,Residential,Tue May 20 00:00:00 EDT 2008,140000
5333 PRIMROSE DR Unit 19A,FAIR OAKS,95628,CA,2,2,994,Condo,Tue May 20 00:00:00 EDT 2008,142500
1035 MILLET WAY,SACRAMENTO,95834,CA,3,2,1202,Residential,Tue May 20 00:00:00 EDT 2008,143500
5201 LAGUNA OAKS DR Unit 126,ELK GROVE,95758,CA,0,0,0,Condo,Tue May 20 00:00:00 EDT 2008,145000
3328 22ND AVE,SACRAMENTO,95820,CA,2,1,722,Residential,Tue May 20 00:00:00 EDT 2008,145000
8001 HARTWICK WAY,SACRAMENTO,95828,CA,4,2,1448,Residential,Tue May 20 00:00:00 EDT 2008,145000
7812 HARTWICK WAY,SACRAMENTO,95828,CA,3,2,1188,Residential,Tue May 20 00:00:00 EDT 2008,145000
4207 PAINTER WAY,NORTH HIGHLANDS,95660,CA,4,2,1183,Residential,Tue May 20 00:00:00 EDT 2008,146000
7458 WINKLEY WAY,SACRAMENTO,95822,CA,3,1,1320,Residential,Tue May 20 00:00:00 EDT 2008,148500
8354 SUNRISE WOODS WAY,SACRAMENTO,95828,CA,3,2,1117,Residential,Tue May 20 00:00:00 EDT 2008,149000
8116 COTTONMILL CIR,SACRAMENTO,95828,CA,3,2,1364,Residential,Tue May 20 00:00:00 EDT 2008,150000
4660 CEDARWOOD WAY,SACRAMENTO,95823,CA,4,2,1310,Residential,Tue May 20 00:00:00 EDT 2008,150000
9254 HARROGATE WAY,ELK GROVE,95758,CA,2,2,1006,Residential,Tue May 20 00:00:00 EDT 2008,152000
6716 TAREYTON WAY,CITRUS HEIGHTS,95621,CA,3,2,1104,Residential,Tue May 20 00:00:00 EDT 2008,156000
2028 ROBERT WAY,SACRAMENTO,95825,CA,2,1,810,Residential,Tue May 20 00:00:00 EDT 2008,156000
9346 AIZENBERG CIR,ELK GROVE,95624,CA,2,2,1123,Residential,Tue May 20 00:00:00 EDT 2008,156000
4524 LOCH HAVEN WAY,SACRAMENTO,95842,CA,2,1,904,Residential,Tue May 20 00:00:00 EDT 2008,157788
7140 BLUE SPRINGS WAY,CITRUS HEIGHTS,95621,CA,3,2,1156,Residential,Tue May 20 00:00:00 EDT 2008,161653
4631 11TH AVE,SACRAMENTO,95820,CA,2,1,1321,Residential,Tue May 20 00:00:00 EDT 2008,161829
3228 BAGGAN CT,ANTELOPE,95843,CA,3,2,1392,Residential,Tue May 20 00:00:00 EDT 2008,165000
8515 DARTFORD DR,SACRAMENTO,95823,CA,3,2,1439,Residential,Tue May 20 00:00:00 EDT 2008,168000
4500 TIPPWOOD WAY,SACRAMENTO,95842,CA,3,2,1159,Residential,Tue May 20 00:00:00 EDT 2008,169000
2460 EL ROCCO WAY,RANCHO CORDOVA,95670,CA,3,2,1671,Residential,Tue May 20 00:00:00 EDT 2008,175000
8244 SUNBIRD WAY,SACRAMENTO,95823,CA,3,2,1740,Residential,Tue May 20 00:00:00 EDT 2008,176250
5841 VALLEY VALE WAY,SACRAMENTO,95823,CA,3,2,1265,Residential,Tue May 20 00:00:00 EDT 2008,179000
7863 CRESTLEIGH CT,ANTELOPE,95843,CA,2,2,1007,Residential,Tue May 20 00:00:00 EDT 2008,180000
7129 SPRINGMONT DR,ELK GROVE,95758,CA,3,2,1716,Residential,Tue May 20 00:00:00 EDT 2008,180400
8284 RED FOX WAY,ELK GROVE,95758,CA,4,2,1685,Residential,Tue May 20 00:00:00 EDT 2008,182000
2219 EL CANTO CIR,RANCHO CORDOVA,95670,CA,4,2,1829,Residential,Tue May 20 00:00:00 EDT 2008,184500
8907 GEMWOOD WAY,ELK GROVE,95758,CA,3,2,1555,Residential,Tue May 20 00:00:00 EDT 2008,185000
5925 MALEVILLE AVE,CARMICHAEL,95608,CA,4,2,1120,Residential,Tue May 20 00:00:00 EDT 2008,189000
7031 CANEVALLEY CIR,CITRUS HEIGHTS,95621,CA,3,2,1137,Residential,Tue May 20 00:00:00 EDT 2008,194000
3949 WILDROSE WAY,SACRAMENTO,95826,CA,3,1,1174,Residential,Tue May 20 00:00:00 EDT 2008,195000
4437 MITCHUM CT,ANTELOPE,95843,CA,3,2,1393,Residential,Tue May 20 00:00:00 EDT 2008,200000
2778 KAWEAH CT,CAMERON PARK,95682,CA,3,1,0,Residential,Tue May 20 00:00:00 EDT 2008,201000
1636 ALLENWOOD CIR,LINCOLN,95648,CA,4,2,0,Residential,Tue May 20 00:00:00 EDT 2008,202500
8151 QUAIL RIDGE CT,SACRAMENTO,95828,CA,3,2,1289,Residential,Tue May 20 00:00:00 EDT 2008,205000
4899 WIND CREEK DR,SACRAMENTO,95838,CA,4,2,1799,Residential,Tue May 20 00:00:00 EDT 2008,205000
2370 BIG CANYON CREEK RD,PLACERVILLE,95667,CA,3,2,0,Residential,Tue May 20 00:00:00 EDT 2008,205000
6049 HAMBURG WAY,SACRAMENTO,95823,CA,4,3,1953,Residential,Tue May 20 00:00:00 EDT 2008,205000
4232 71ST ST,SACRAMENTO,95820,CA,2,1,723,Residential,Tue May 20 00:00:00 EDT 2008,207000
3361 BOW MAR CT,CAMERON PARK,95682,CA,2,2,0,Residential,Tue May 20 00:00:00 EDT 2008,210000
1889 COLD SPRINGS RD,PLACERVILLE,95667,CA,2,1,948,Residential,Tue May 20 00:00:00 EDT 2008,211500
5805 HIMALAYA WAY,CITRUS HEIGHTS,95621,CA,4,2,1578,Residential,Tue May 20 00:00:00 EDT 2008,215000
7944 SYLVAN OAK WAY,CITRUS HEIGHTS,95610,CA,3,2,1317,Residential,Tue May 20 00:00:00 EDT 2008,215000
3139 SPOONWOOD WAY Unit 1,SACRAMENTO,95833,CA,0,0,0,Residential,Tue May 20 00:00:00 EDT 2008,215500
6217 LEOLA WAY,SACRAMENTO,95824,CA,3,1,1360,Residential,Tue May 20 00:00:00 EDT 2008,222381
2340 HURLEY WAY,SACRAMENTO,95825,CA,0,0,0,Condo,Tue May 20 00:00:00 EDT 2008,225000
3035 BRUNNET LN,SACRAMENTO,95833,CA,3,2,1522,Residential,Tue May 20 00:00:00 EDT 2008,225000
3025 EL PRADO WAY,SACRAMENTO,95825,CA,4,2,1751,Residential,Tue May 20 00:00:00 EDT 2008,225000
9387 GRANITE FALLS CT,ELK GROVE,95624,CA,3,2,1465,Residential,Tue May 20 00:00:00 EDT 2008,225000
9257 CALDERA WAY,SACRAMENTO,95826,CA,4,2,1605,Residential,Tue May 20 00:00:00 EDT 2008,228000
441 ARLINGDALE CIR,RIO LINDA,95673,CA,4,2,1475,Residential,Tue May 20 00:00:00 EDT 2008,229665
2284 LOS ROBLES RD,MEADOW VISTA,95722,CA,3,1,1216,Residential,Tue May 20 00:00:00 EDT 2008,230000
8164 CHENIN BLANC LN,FAIR OAKS,95628,CA,2,2,1315,Residential,Tue May 20 00:00:00 EDT 2008,230000
4620 CHAMBERLIN CIR,ELK GROVE,95757,CA,3,2,1567,Residential,Tue May 20 00:00:00 EDT 2008,230000
5340 BIRK WAY,SACRAMENTO,95835,CA,3,2,1776,Residential,Tue May 20 00:00:00 EDT 2008,234000
51 ANJOU CIR,SACRAMENTO,95835,CA,3,2,2187,Residential,Tue May 20 00:00:00 EDT 2008,235000
2125 22ND AVE,SACRAMENTO,95822,CA,3,1,1291,Residential,Tue May 20 00:00:00 EDT 2008,236250
611 BLOSSOM ROCK LN,FOLSOM,95630,CA,0,0,0,Condo,Tue May 20 00:00:00 EDT 2008,240000
8830 ADUR RD,ELK GROVE,95624,CA,0,0,0,Residential,Tue May 20 00:00:00 EDT 2008,242000
7344 BUTTERBALL WAY,SACRAMENTO,95842,CA,3,2,1503,Residential,Tue May 20 00:00:00 EDT 2008,245000
8219 GWINHURST CIR,SACRAMENTO,95828,CA,4,3,2491,Residential,Tue May 20 00:00:00 EDT 2008,245000
3240 S ST,SACRAMENTO,95816,CA,2,1,1269,Residential,Tue May 20 00:00:00 EDT 2008,245000
221 PICASSO CIR,SACRAMENTO,95835,CA,0,0,0,Residential,Tue May 20 00:00:00 EDT 2008,250000
5706 GREENACRES WAY,ORANGEVALE,95662,CA,3,2,1176,Residential,Tue May 20 00:00:00 EDT 2008,250000
6900 LONICERA DR,ORANGEVALE,95662,CA,4,2,1456,Residential,Tue May 20 00:00:00 EDT 2008,250000
419 DAWNRIDGE RD,ROSEVILLE,95678,CA,3,2,1498,Residential,Tue May 20 00:00:00 EDT 2008,250000
5312 MARBURY WAY,ANTELOPE,95843,CA,3,2,1574,Residential,Tue May 20 00:00:00 EDT 2008,255000
6344 BONHAM CIR,CITRUS HEIGHTS,95610,CA,5,4,2085,Multi-Family,Tue May 20 00:00:00 EDT 2008,256054
8207 YORKTON WAY,SACRAMENTO,95829,CA,3,2,2170,Residential,Tue May 20 00:00:00 EDT 2008,257729
7922 MANSELL WAY,ELK GROVE,95758,CA,4,2,1595,Residential,Tue May 20 00:00:00 EDT 2008,260000
5712 MELBURY CIR,ANTELOPE,95843,CA,3,2,1567,Residential,Tue May 20 00:00:00 EDT 2008,261000
632 NEWBRIDGE LN,LINCOLN,95648,CA,4,2,0,Residential,Tue May 20 00:00:00 EDT 2008,261800
1570 GLIDDEN AVE,SACRAMENTO,95822,CA,4,2,1253,Residential,Tue May 20 00:00:00 EDT 2008,264469
8108 FILIFERA WAY,ANTELOPE,95843,CA,4,3,1768,Residential,Tue May 20 00:00:00 EDT 2008,265000
230 BANKSIDE WAY,SACRAMENTO,95835,CA,0,0,0,Residential,Tue May 20 00:00:00 EDT 2008,270000
5342 CALABRIA WAY,SACRAMENTO,95835,CA,4,3,2030,Residential,Tue May 20 00:00:00 EDT 2008,270000
47 NAPONEE CT,SACRAMENTO,95835,CA,3,2,1531,Residential,Tue May 20 00:00:00 EDT 2008,270000
4236 ADRIATIC SEA WAY,SACRAMENTO,95834,CA,0,0,0,Residential,Tue May 20 00:00:00 EDT 2008,270000
8864 REMBRANT CT,ELK GROVE,95624,CA,4,3,1653,Residential,Tue May 20 00:00:00 EDT 2008,275000
9455 SEA CLIFF WAY,ELK GROVE,95758,CA,4,2,2056,Residential,Tue May 20 00:00:00 EDT 2008,275000
9720 LITTLE HARBOR WAY,ELK GROVE,95624,CA,4,3,2494,Residential,Tue May 20 00:00:00 EDT 2008,280000
8806 PHOENIX AVE,FAIR OAKS,95628,CA,3,2,1450,Residential,Tue May 20 00:00:00 EDT 2008,286013
3578 LOGGERHEAD WAY,SACRAMENTO,95834,CA,4,2,2169,Residential,Tue May 20 00:00:00 EDT 2008,292000
1416 LOCKHART WAY,ROSEVILLE,95747,CA,3,2,1440,Residential,Tue May 20 00:00:00 EDT 2008,292000
5413 BUENA VENTURA WAY,FAIR OAKS,95628,CA,3,2,1527,Residential,Tue May 20 00:00:00 EDT 2008,293993
37 WHITE BIRCH CT,ROSEVILLE,95678,CA,3,2,1401,Residential,Tue May 20 00:00:00 EDT 2008,294000
405 MARLIN SPIKE WAY,SACRAMENTO,95838,CA,3,2,1411,Residential,Tue May 20 00:00:00 EDT 2008,296769
1102 CHESLEY LN,LINCOLN,95648,CA,4,4,0,Residential,Tue May 20 00:00:00 EDT 2008,297500
11281 STANFORD COURT LN Unit 604,GOLD RIVER,95670,CA,0,0,0,Condo,Tue May 20 00:00:00 EDT 2008,300000
7320 6TH ST,RIO LINDA,95673,CA,3,1,1284,Residential,Tue May 20 00:00:00 EDT 2008,300000
993 MANTON CT,GALT,95632,CA,4,3,2307,Residential,Tue May 20 00:00:00 EDT 2008,300000
4487 PANORAMA DR,PLACERVILLE,95667,CA,3,2,1329,Residential,Tue May 20 00:00:00 EDT 2008,300000
5651 OVERLEAF WAY,SACRAMENTO,95835,CA,4,2,1910,Residential,Tue May 20 00:00:00 EDT 2008,300500
2015 PROMONTORY POINT LN,GOLD RIVER,95670,CA,3,2,1981,Residential,Tue May 20 00:00:00 EDT 2008,305000
3224 PARKHAM DR,ROSEVILLE,95747,CA,0,0,0,Residential,Tue May 20 00:00:00 EDT 2008,306500
15 VANESSA PL,SACRAMENTO,95835,CA,0,0,0,Residential,Tue May 20 00:00:00 EDT 2008,312500
1312 RENISON LN,LINCOLN,95648,CA,5,3,0,Residential,Tue May 20 00:00:00 EDT 2008,315000
8 RIVER RAFT CT,SACRAMENTO,95823,CA,4,2,2205,Residential,Tue May 20 00:00:00 EDT 2008,319789
2251 LAMPLIGHT LN,LINCOLN,95648,CA,2,2,1449,Residential,Tue May 20 00:00:00 EDT 2008,330000
106 FARHAM DR,FOLSOM,95630,CA,3,2,1258,Residential,Tue May 20 00:00:00 EDT 2008,330000
5405 NECTAR CIR,ELK GROVE,95757,CA,3,2,2575,Residential,Tue May 20 00:00:00 EDT 2008,331000
5411 10TH AVE,SACRAMENTO,95820,CA,2,1,539,Residential,Tue May 20 00:00:00 EDT 2008,334000
3512 RAINSONG CIR,RANCHO CORDOVA,95670,CA,4,3,2208,Residential,Tue May 20 00:00:00 EDT 2008,336000
1106 55TH ST,SACRAMENTO,95819,CA,3,1,1108,Residential,Tue May 20 00:00:00 EDT 2008,339000
411 ILLSLEY WAY,FOLSOM,95630,CA,4,2,1595,Residential,Tue May 20 00:00:00 EDT 2008,339000
796 BUTTERCUP CIR,GALT,95632,CA,4,2,2159,Residential,Tue May 20 00:00:00 EDT 2008,345000
1230 SANDRA CIR,PLACERVILLE,95667,CA,4,3,2295,Residential,Tue May 20 00:00:00 EDT 2008,350000
318 ANACAPA DR,ROSEVILLE,95678,CA,3,2,1838,Residential,Tue May 20 00:00:00 EDT 2008,356000
3975 SHINING STAR DR,SACRAMENTO,95823,CA,4,2,1900,Residential,Tue May 20 00:00:00 EDT 2008,361745
1620 BASLER ST,SACRAMENTO,95811,CA,4,2,1718,Residential,Tue May 20 00:00:00 EDT 2008,361948
9688 NATURE TRAIL WAY,ELK GROVE,95757,CA,5,3,3389,Residential,Tue May 20 00:00:00 EDT 2008,370000
5924 TANUS CIR,ROCKLIN,95677,CA,4,2,0,Residential,Tue May 20 00:00:00 EDT 2008,380000
9629 CEDAR OAK WAY,ELK GROVE,95757,CA,5,4,3260,Residential,Tue May 20 00:00:00 EDT 2008,385000
3429 FERNBROOK CT,CAMERON PARK,95682,CA,3,2,2016,Residential,Tue May 20 00:00:00 EDT 2008,399000
2121 HANNAH WAY,ROCKLIN,95765,CA,4,2,2607,Residential,Tue May 20 00:00:00 EDT 2008,402000
10104 ANNIE ST,ELK GROVE,95757,CA,4,3,2724,Residential,Tue May 20 00:00:00 EDT 2008,406026
1092 MAUGHAM CT,GALT,95632,CA,5,4,3746,Residential,Tue May 20 00:00:00 EDT 2008,420000
5404 ALMOND FALLS WAY,RANCHO CORDOVA,95742,CA,0,0,0,Residential,Tue May 20 00:00:00 EDT 2008,425000
6306 CONEJO,RANCHO MURIETA,95683,CA,4,2,3192,Residential,Tue May 20 00:00:00 EDT 2008,425000
14 CASA VATONI PL,SACRAMENTO,95834,CA,0,0,0,Residential,Tue May 20 00:00:00 EDT 2008,433500
1456 EAGLESFIELD LN,LINCOLN,95648,CA,4,3,0,Residential,Tue May 20 00:00:00 EDT 2008,436746
4100 BOTHWELL CIR,EL DORADO HILLS,95762,CA,5,3,0,Residential,Tue May 20 00:00:00 EDT 2008,438700
427 21ST ST,SACRAMENTO,95811,CA,2,1,1247,Residential,Tue May 20 00:00:00 EDT 2008,445000
1044 GALSTON DR,FOLSOM,95630,CA,4,2,2581,Residential,Tue May 20 00:00:00 EDT 2008,450000
4440 SYCAMORE AVE,SACRAMENTO,95841,CA,3,1,2068,Residential,Tue May 20 00:00:00 EDT 2008,460000
1032 SOUZA DR,EL DORADO HILLS,95762,CA,3,2,0,Residential,Tue May 20 00:00:00 EDT 2008,460000
9760 LAZULITE CT,ELK GROVE,95624,CA,4,3,3992,Residential,Tue May 20 00:00:00 EDT 2008,460000
241 LANFRANCO CIR,SACRAMENTO,95835,CA,4,4,3397,Residential,Tue May 20 00:00:00 EDT 2008,465000
5559 NORTHBOROUGH DR,SACRAMENTO,95835,CA,5,3,3881,Residential,Tue May 20 00:00:00 EDT 2008,471750
2125 BIG SKY DR,ROCKLIN,95765,CA,5,3,0,Residential,Tue May 20 00:00:00 EDT 2008,480000
2109 HAMLET PL,CARMICHAEL,95608,CA,2,2,1598,Residential,Tue May 20 00:00:00 EDT 2008,484000
9970 STATE HIGHWAY 193,PLACERVILLE,95667,CA,4,3,1929,Residential,Tue May 20 00:00:00 EDT 2008,485000
2901 PINTAIL WAY,ELK GROVE,95757,CA,4,3,3070,Residential,Tue May 20 00:00:00 EDT 2008,495000
201 FIRESTONE DR,ROSEVILLE,95678,CA,0,0,0,Residential,Tue May 20 00:00:00 EDT 2008,500500
1740 HIGH ST,AUBURN,95603,CA,3,3,0,Residential,Tue May 20 00:00:00 EDT 2008,504000
2733 DANA LOOP,EL DORADO HILLS,95762,CA,0,0,0,Residential,Tue May 20 00:00:00 EDT 2008,541000
9741 SADDLEBRED CT,WILTON,95693,CA,0,0,0,Residential,Tue May 20 00:00:00 EDT 2008,560000
7756 TIGERWOODS DR,SACRAMENTO,95829,CA,5,3,3984,Residential,Tue May 20 00:00:00 EDT 2008,572500
5709 RIVER OAK WAY,CARMICHAEL,95608,CA,4,2,2222,Residential,Tue May 20 00:00:00 EDT 2008,582000
2981 WRINGER DR,ROSEVILLE,95661,CA,4,3,3838,Residential,Tue May 20 00:00:00 EDT 2008,613401
8616 ROCKPORTE CT,ROSEVILLE,95747,CA,4,2,0,Residential,Tue May 20 00:00:00 EDT 2008,614000
4128 HILL ST,FAIR OAKS,95628,CA,5,5,2846,Residential,Tue May 20 00:00:00 EDT 2008,680000
1409 47TH ST,SACRAMENTO,95819,CA,5,2,2484,Residential,Tue May 20 00:00:00 EDT 2008,699000
3935 EL MONTE DR,LOOMIS,95650,CA,4,4,1624,Residential,Tue May 20 00:00:00 EDT 2008,839000
5840 WALERGA RD,SACRAMENTO,95842,CA,2,1,840,Condo,Mon May 19 00:00:00 EDT 2008,40000
923 FULTON AVE,SACRAMENTO,95825,CA,1,1,484,Condo,Mon May 19 00:00:00 EDT 2008,48000
261 REDONDO AVE,SACRAMENTO,95815,CA,3,1,970,Residential,Mon May 19 00:00:00 EDT 2008,61500
4030 BROADWAY,SACRAMENTO,95817,CA,2,1,623,Residential,Mon May 19 00:00:00 EDT 2008,62050
3660 22ND AVE,SACRAMENTO,95820,CA,2,1,932,Residential,Mon May 19 00:00:00 EDT 2008,65000
3924 HIGH ST,SACRAMENTO,95838,CA,2,1,796,Residential,Mon May 19 00:00:00 EDT 2008,65000
4734 14TH AVE,SACRAMENTO,95820,CA,2,1,834,Residential,Mon May 19 00:00:00 EDT 2008,68000
4734 14TH AVE,SACRAMENTO,95820,CA,2,1,834,Residential,Mon May 19 00:00:00 EDT 2008,68000
5050 RHODE ISLAND DR Unit 4,SACRAMENTO,95841,CA,2,1,924,Condo,Mon May 19 00:00:00 EDT 2008,77000
4513 GREENHOLME DR,SACRAMENTO,95842,CA,2,1,795,Condo,Mon May 19 00:00:00 EDT 2008,82732
3845 ELM ST,SACRAMENTO,95838,CA,3,1,1250,Residential,Mon May 19 00:00:00 EDT 2008,84000
3908 17TH AVE,SACRAMENTO,95820,CA,2,1,984,Residential,Mon May 19 00:00:00 EDT 2008,84675
7109 CHANDLER DR,SACRAMENTO,95828,CA,3,1,1013,Residential,Mon May 19 00:00:00 EDT 2008,85000
7541 SKELTON WAY,SACRAMENTO,95822,CA,3,1,1012,Residential,Mon May 19 00:00:00 EDT 2008,90000
9058 MONTOYA ST,SACRAMENTO,95826,CA,2,1,795,Condo,Mon May 19 00:00:00 EDT 2008,90000
1016 CONGRESS AVE,SACRAMENTO,95838,CA,2,2,918,Residential,Mon May 19 00:00:00 EDT 2008,91000
540 MORRISON AVE,SACRAMENTO,95838,CA,3,1,1082,Residential,Mon May 19 00:00:00 EDT 2008,95000
5303 JERRETT WAY,SACRAMENTO,95842,CA,2,1,964,Residential,Mon May 19 00:00:00 EDT 2008,97500
2820 DEL PASO BLVD,SACRAMENTO,95815,CA,4,2,1404,Multi-Family,Mon May 19 00:00:00 EDT 2008,100000
3715 TALLYHO DR Unit 78HIGH,SACRAMENTO,95826,CA,1,1,625,Condo,Mon May 19 00:00:00 EDT 2008,100000
6013 ROWAN WAY,CITRUS HEIGHTS,95621,CA,2,1,888,Residential,Mon May 19 00:00:00 EDT 2008,101000
2987 PONDEROSA LN,SACRAMENTO,95815,CA,4,2,1120,Residential,Mon May 19 00:00:00 EDT 2008,102750
3732 LANKERSHIM WAY,NORTH HIGHLANDS,95660,CA,3,1,1331,Residential,Mon May 19 00:00:00 EDT 2008,112500
2216 DUNLAP DR,SACRAMENTO,95821,CA,3,1,1014,Residential,Mon May 19 00:00:00 EDT 2008,113000
3503 21ST AVE,SACRAMENTO,95820,CA,4,2,1448,Residential,Mon May 19 00:00:00 EDT 2008,114000
523 EXCHANGE ST,SACRAMENTO,95838,CA,3,1,966,Residential,Mon May 19 00:00:00 EDT 2008,114000
8101 PORT ROYALE WAY,SACRAMENTO,95823,CA,2,1,779,Residential,Mon May 19 00:00:00 EDT 2008,114750
8020 WALERGA RD,ANTELOPE,95843,CA,2,2,836,Condo,Mon May 19 00:00:00 EDT 2008,115000
167 VALLEY OAK DR,ROSEVILLE,95678,CA,2,2,1100,Condo,Mon May 19 00:00:00 EDT 2008,115000
7876 BURLINGTON WAY,SACRAMENTO,95832,CA,3,1,1174,Residential,Mon May 19 00:00:00 EDT 2008,116100
3726 JONKO AVE,NORTH HIGHLANDS,95660,CA,3,2,1207,Residential,Mon May 19 00:00:00 EDT 2008,119250
7342 GIGI PL,SACRAMENTO,95828,CA,4,4,1995,Multi-Family,Mon May 19 00:00:00 EDT 2008,120000
2610 PHYLLIS AVE,SACRAMENTO,95820,CA,2,1,804,Residential,Mon May 19 00:00:00 EDT 2008,120000
4200 COMMERCE WAY Unit 711,SACRAMENTO,95834,CA,2,2,958,Condo,Mon May 19 00:00:00 EDT 2008,120000
4621 COUNTRY SCENE WAY,SACRAMENTO,95823,CA,3,2,1366,Residential,Mon May 19 00:00:00 EDT 2008,120108
5380 VILLAGE WOOD DR,SACRAMENTO,95823,CA,2,2,901,Residential,Mon May 19 00:00:00 EDT 2008,121500
2621 EVERGREEN ST,SACRAMENTO,95815,CA,3,1,696,Residential,Mon May 19 00:00:00 EDT 2008,121725
201 CARLO CT,GALT,95632,CA,3,2,1080,Residential,Mon May 19 00:00:00 EDT 2008,122000
6743 21ST ST,SACRAMENTO,95822,CA,3,2,1104,Residential,Mon May 19 00:00:00 EDT 2008,123000
3128 VIA GRANDE,SACRAMENTO,95825,CA,2,1,972,Residential,Mon May 19 00:00:00 EDT 2008,125000
2847 BELGRADE WAY,SACRAMENTO,95833,CA,4,2,1390,Residential,Mon May 19 00:00:00 EDT 2008,125573
7741 MILLDALE CIR,ELVERTA,95626,CA,4,2,1354,Residential,Mon May 19 00:00:00 EDT 2008,126714
9013 CASALS ST,SACRAMENTO,95826,CA,2,1,795,Condo,Mon May 19 00:00:00 EDT 2008,126960
227 MAHAN CT Unit 1,ROSEVILLE,95678,CA,2,1,780,Condo,Mon May 19 00:00:00 EDT 2008,127000
7349 FLETCHER FARM DR,SACRAMENTO,95828,CA,4,2,1587,Residential,Mon May 19 00:00:00 EDT 2008,127500
7226 LARCHMONT DR,NORTH HIGHLANDS,95660,CA,3,2,1209,Residential,Mon May 19 00:00:00 EDT 2008,130000
4114 35TH AVE,SACRAMENTO,95824,CA,2,1,1139,Residential,Mon May 19 00:00:00 EDT 2008,133105
617 M ST,RIO LINDA,95673,CA,2,2,1690,Residential,Mon May 19 00:00:00 EDT 2008,136500
7032 FAIR OAKS BLVD,CARMICHAEL,95608,CA,3,2,1245,Condo,Mon May 19 00:00:00 EDT 2008,139500
2421 SANTINA WAY,ELVERTA,95626,CA,3,2,1416,Residential,Mon May 19 00:00:00 EDT 2008,140000
2368 CRAIG AVE,SACRAMENTO,95832,CA,3,2,1300,Residential,Mon May 19 00:00:00 EDT 2008,140800
2123 AMANDA WAY,SACRAMENTO,95822,CA,3,2,1120,Residential,Mon May 19 00:00:00 EDT 2008,145000
7620 DARLA WAY,SACRAMENTO,95828,CA,4,2,1590,Residential,Mon May 19 00:00:00 EDT 2008,147000
8344 FIELDPOPPY CIR,SACRAMENTO,95828,CA,3,2,1407,Residential,Mon May 19 00:00:00 EDT 2008,149600
3624 20TH AVE,SACRAMENTO,95820,CA,5,2,1516,Residential,Mon May 19 00:00:00 EDT 2008,150000
10001 WOODCREEK OAKS BLVD Unit 1415,ROSEVILLE,95747,CA,2,2,0,Condo,Mon May 19 00:00:00 EDT 2008,150000
2848 PROVO WAY,SACRAMENTO,95822,CA,3,2,1646,Residential,Mon May 19 00:00:00 EDT 2008,150000
6045 EHRHARDT AVE,SACRAMENTO,95823,CA,3,2,1676,Residential,Mon May 19 00:00:00 EDT 2008,155000
1223 LAMBERTON CIR,SACRAMENTO,95838,CA,3,2,1370,Residential,Mon May 19 00:00:00 EDT 2008,155435
1223 LAMBERTON CIR,SACRAMENTO,95838,CA,3,2,1370,Residential,Mon May 19 00:00:00 EDT 2008,155500
6000 BIRCHGLADE WAY,CITRUS HEIGHTS,95621,CA,4,2,1351,Residential,Mon May 19 00:00:00 EDT 2008,158000
7204 THOMAS DR,NORTH HIGHLANDS,95660,CA,3,2,1152,Residential,Mon May 19 00:00:00 EDT 2008,158000
8363 LANGTREE WAY,SACRAMENTO,95823,CA,3,2,1452,Residential,Mon May 19 00:00:00 EDT 2008,160000
1675 VERNON ST Unit 8,ROSEVILLE,95678,CA,2,1,990,Residential,Mon May 19 00:00:00 EDT 2008,160000
6632 IBEX WOODS CT,CITRUS HEIGHTS,95621,CA,2,2,1162,Residential,Mon May 19 00:00:00 EDT 2008,164000
117 EVCAR WAY,RIO LINDA,95673,CA,3,2,1182,Residential,Mon May 19 00:00:00 EDT 2008,164000
6485 LAGUNA MIRAGE LN,ELK GROVE,95758,CA,2,2,1112,Residential,Mon May 19 00:00:00 EDT 2008,165000
746 MOOSE CREEK WAY,GALT,95632,CA,3,2,1100,Residential,Mon May 19 00:00:00 EDT 2008,167000
8306 CURLEW CT,CITRUS HEIGHTS,95621,CA,4,2,1280,Residential,Mon May 19 00:00:00 EDT 2008,167293
8306 CURLEW CT,CITRUS HEIGHTS,95621,CA,4,2,1280,Residential,Mon May 19 00:00:00 EDT 2008,167293
5217 ARGO WAY,SACRAMENTO,95820,CA,3,1,1039,Residential,Mon May 19 00:00:00 EDT 2008,168000
7108 HEATHER TREE DR,SACRAMENTO,95842,CA,3,2,1159,Residential,Mon May 19 00:00:00 EDT 2008,170000
2956 DAVENPORT WAY,SACRAMENTO,95833,CA,4,2,1917,Residential,Mon May 19 00:00:00 EDT 2008,170000
10062 LINCOLN VILLAGE DR,SACRAMENTO,95827,CA,3,2,1520,Residential,Mon May 19 00:00:00 EDT 2008,170000
332 PALIN AVE,GALT,95632,CA,3,2,1204,Residential,Mon May 19 00:00:00 EDT 2008,174000
4649 FREEWAY CIR,SACRAMENTO,95841,CA,3,2,1120,Residential,Mon May 19 00:00:00 EDT 2008,178000
8593 DERLIN WAY,SACRAMENTO,95823,CA,3,2,1436,Residential,Mon May 19 00:00:00 EDT 2008,180000
9273 PREMIER WAY,SACRAMENTO,95826,CA,3,2,1451,Residential,Mon May 19 00:00:00 EDT 2008,180000
8032 DUSENBERG CT,SACRAMENTO,95828,CA,4,2,1638,Residential,Mon May 19 00:00:00 EDT 2008,180000
7110 STELLA LN Unit 15,CARMICHAEL,95608,CA,2,2,1000,Condo,Mon May 19 00:00:00 EDT 2008,182000
1786 PIEDMONT WAY,ROSEVILLE,95661,CA,3,1,1152,Residential,Mon May 19 00:00:00 EDT 2008,188325
1347 HIDALGO CIR,ROSEVILLE,95747,CA,3,2,1154,Residential,Mon May 19 00:00:00 EDT 2008,191500
212 CAPPUCINO WAY,SACRAMENTO,95838,CA,3,2,1353,Residential,Mon May 19 00:00:00 EDT 2008,192000
5938 WOODBRIAR WAY,CITRUS HEIGHTS,95621,CA,3,2,1329,Residential,Mon May 19 00:00:00 EDT 2008,192700
3801 WILDROSE WAY,SACRAMENTO,95826,CA,3,1,1356,Residential,Mon May 19 00:00:00 EDT 2008,195000
508 SAMUEL WAY,SACRAMENTO,95838,CA,3,2,1505,Residential,Mon May 19 00:00:00 EDT 2008,197654
6128 CARL SANDBURG CIR,SACRAMENTO,95842,CA,3,1,1009,Residential,Mon May 19 00:00:00 EDT 2008,198000
1 KENNELFORD CIR,SACRAMENTO,95823,CA,3,2,1144,Residential,Mon May 19 00:00:00 EDT 2008,200345
909 SINGINGWOOD RD,SACRAMENTO,95864,CA,2,1,930,Residential,Mon May 19 00:00:00 EDT 2008,203000
6671 FOXWOOD CT,SACRAMENTO,95841,CA,4,2,1766,Residential,Mon May 19 00:00:00 EDT 2008,207000
8165 AYN RAND CT,SACRAMENTO,95828,CA,4,3,1940,Residential,Mon May 19 00:00:00 EDT 2008,208000
9474 VILLAGE TREE DR,ELK GROVE,95758,CA,4,2,1776,Residential,Mon May 19 00:00:00 EDT 2008,210000
7213 CALVIN DR,CITRUS HEIGHTS,95621,CA,3,1,1258,Residential,Mon May 19 00:00:00 EDT 2008,212000
8167 DERBY PARK CT,SACRAMENTO,95828,CA,4,2,1872,Residential,Mon May 19 00:00:00 EDT 2008,213675
6344 LAGUNA MIRAGE LN,ELK GROVE,95758,CA,2,2,1112,Residential,Mon May 19 00:00:00 EDT 2008,213697
2945 RED HAWK WAY,SACRAMENTO,95833,CA,4,2,1856,Residential,Mon May 19 00:00:00 EDT 2008,215000
3228 I ST,SACRAMENTO,95816,CA,4,3,1939,Residential,Mon May 19 00:00:00 EDT 2008,215000
308 ATKINSON ST,ROSEVILLE,95678,CA,3,1,998,Residential,Mon May 19 00:00:00 EDT 2008,215100
624 HOVEY WAY,ROSEVILLE,95678,CA,3,2,1758,Residential,Mon May 19 00:00:00 EDT 2008,217500
110 COPPER LEAF WAY,SACRAMENTO,95838,CA,3,2,2142,Residential,Mon May 19 00:00:00 EDT 2008,218000
7535 ALMA VISTA WAY,SACRAMENTO,95831,CA,2,1,950,Residential,Mon May 19 00:00:00 EDT 2008,220000
7423 WILSALL CT,ELK GROVE,95758,CA,4,3,1739,Residential,Mon May 19 00:00:00 EDT 2008,221000
8629 VIA ALTA WAY,ELK GROVE,95624,CA,3,2,1516,Residential,Mon May 19 00:00:00 EDT 2008,222900
3318 DAVIDSON DR,ANTELOPE,95843,CA,3,1,988,Residential,Mon May 19 00:00:00 EDT 2008,223139
913 COBDEN CT,GALT,95632,CA,4,2,1555,Residential,Mon May 19 00:00:00 EDT 2008,225500
4419 79TH ST,SACRAMENTO,95820,CA,3,2,1212,Residential,Mon May 19 00:00:00 EDT 2008,228327
3012 SPOONWOOD WAY,SACRAMENTO,95833,CA,4,2,1871,Residential,Mon May 19 00:00:00 EDT 2008,230000
8728 CRYSTAL RIVER WAY,SACRAMENTO,95828,CA,3,2,1302,Residential,Mon May 19 00:00:00 EDT 2008,230000
4709 AMBER LN Unit 1,SACRAMENTO,95841,CA,2,1,756,Condo,Mon May 19 00:00:00 EDT 2008,230522
4508 OLD DAIRY DR,ANTELOPE,95843,CA,4,3,2026,Residential,Mon May 19 00:00:00 EDT 2008,231200
312 RIVER ISLE WAY,SACRAMENTO,95831,CA,3,2,1375,Residential,Mon May 19 00:00:00 EDT 2008,232000
301 OLIVADI WAY,SACRAMENTO,95834,CA,2,2,1250,Condo,Mon May 19 00:00:00 EDT 2008,232500
5636 25TH ST,SACRAMENTO,95822,CA,3,1,1058,Residential,Mon May 19 00:00:00 EDT 2008,233641
8721 SPRUCE RIDGE WAY,ANTELOPE,95843,CA,3,2,1187,Residential,Mon May 19 00:00:00 EDT 2008,234000
7461 WINDBRIDGE DR,SACRAMENTO,95831,CA,2,2,1324,Residential,Mon May 19 00:00:00 EDT 2008,234500
8101 LEMON COVE CT,SACRAMENTO,95828,CA,4,3,1936,Residential,Mon May 19 00:00:00 EDT 2008,235000
10949 SCOTSMAN WAY,RANCHO CORDOVA,95670,CA,5,4,2382,Multi-Family,Mon May 19 00:00:00 EDT 2008,236000
617 WILLOW CREEK DR,FOLSOM,95630,CA,3,2,1427,Residential,Mon May 19 00:00:00 EDT 2008,236073
3301 PARK DR Unit 1914,SACRAMENTO,95835,CA,3,2,1678,Condo,Mon May 19 00:00:00 EDT 2008,238000
709 CIMMARON CT,GALT,95632,CA,4,2,1798,Residential,Mon May 19 00:00:00 EDT 2008,238861
3305 RIO ROCA CT,ANTELOPE,95843,CA,4,3,2652,Residential,Mon May 19 00:00:00 EDT 2008,239700
9080 BEDROCK CT,SACRAMENTO,95829,CA,4,2,1816,Residential,Mon May 19 00:00:00 EDT 2008,240000
100 TOURMALINE CIR,SACRAMENTO,95834,CA,5,3,3076,Residential,Mon May 19 00:00:00 EDT 2008,240000
6411 RED BIRCH WAY,ELK GROVE,95758,CA,4,2,1844,Residential,Mon May 19 00:00:00 EDT 2008,241000
4867 LAGUNA DR,SACRAMENTO,95823,CA,3,2,1306,Residential,Mon May 19 00:00:00 EDT 2008,245000
3662 RIVER DR,SACRAMENTO,95833,CA,4,3,2447,Residential,Mon May 19 00:00:00 EDT 2008,246000
6943 WOLFGRAM WAY,SACRAMENTO,95828,CA,4,2,1176,Residential,Mon May 19 00:00:00 EDT 2008,247234
77 RINETTI WAY,RIO LINDA,95673,CA,4,2,1182,Residential,Mon May 19 00:00:00 EDT 2008,247480
1316 I ST,RIO LINDA,95673,CA,3,1,1160,Residential,Mon May 19 00:00:00 EDT 2008,249862
2130 CATHERWOOD WAY,SACRAMENTO,95835,CA,3,2,1424,Residential,Mon May 19 00:00:00 EDT 2008,251000
8304 JUGLANS DR,ORANGEVALE,95662,CA,4,2,1574,Residential,Mon May 19 00:00:00 EDT 2008,252155
5308 MARBURY WAY,ANTELOPE,95843,CA,3,2,1830,Residential,Mon May 19 00:00:00 EDT 2008,254172
9182 LAKEMONT DR,ELK GROVE,95624,CA,4,2,1724,Residential,Mon May 19 00:00:00 EDT 2008,258000
2231 COUNTRY VILLA CT,AUBURN,95603,CA,2,2,1255,Condo,Mon May 19 00:00:00 EDT 2008,260000
8491 CRYSTAL WALK CIR,ELK GROVE,95758,CA,0,0,0,Residential,Mon May 19 00:00:00 EDT 2008,261000
361 MAHONIA CIR,SACRAMENTO,95835,CA,4,3,2175,Residential,Mon May 19 00:00:00 EDT 2008,261000
3427 LA CADENA WAY,SACRAMENTO,95835,CA,4,2,1904,Residential,Mon May 19 00:00:00 EDT 2008,261000
955 BIG SUR CT,EL DORADO HILLS,95762,CA,4,2,1808,Residential,Mon May 19 00:00:00 EDT 2008,262500
11826 DIONYSUS WAY,RANCHO CORDOVA,95742,CA,4,2,2711,Residential,Mon May 19 00:00:00 EDT 2008,266000
5847 DEL CAMPO LN,CARMICHAEL,95608,CA,3,1,1713,Residential,Mon May 19 00:00:00 EDT 2008,266000
5635 FOXVIEW WAY,ELK GROVE,95757,CA,3,2,1457,Residential,Mon May 19 00:00:00 EDT 2008,270000
10372 VIA CINTA CT,ELK GROVE,95757,CA,4,3,2724,Residential,Mon May 19 00:00:00 EDT 2008,274425
6286 LONETREE BLVD,ROCKLIN,95765,CA,0,0,0,Residential,Mon May 19 00:00:00 EDT 2008,274500
7744 SOUTHBREEZE DR,SACRAMENTO,95828,CA,3,2,1468,Residential,Mon May 19 00:00:00 EDT 2008,275336
2242 ABLE WAY,SACRAMENTO,95835,CA,4,3,2550,Residential,Mon May 19 00:00:00 EDT 2008,277980
1042 STARBROOK DR,GALT,95632,CA,4,2,1928,Residential,Mon May 19 00:00:00 EDT 2008,280000
1219 G ST,SACRAMENTO,95814,CA,3,3,1922,Residential,Mon May 19 00:00:00 EDT 2008,284686
6220 OPUS CT,CITRUS HEIGHTS,95621,CA,3,2,1343,Residential,Mon May 19 00:00:00 EDT 2008,284893
5419 HAVENHURST CIR,ROCKLIN,95677,CA,3,2,1510,Residential,Mon May 19 00:00:00 EDT 2008,285000
220 OLD AIRPORT RD,AUBURN,95603,CA,2,2,960,Multi-Family,Mon May 19 00:00:00 EDT 2008,285000
4622 MEYER WAY,CARMICHAEL,95608,CA,4,2,1559,Residential,Mon May 19 00:00:00 EDT 2008,285000
4885 SUMMIT VIEW DR,EL DORADO,95623,CA,3,2,1624,Residential,Mon May 19 00:00:00 EDT 2008,289000
26 JEANROSS CT,SACRAMENTO,95832,CA,5,3,2992,Residential,Mon May 19 00:00:00 EDT 2008,295000
4800 MAPLEPLAIN AVE,ELK GROVE,95758,CA,4,2,2109,Residential,Mon May 19 00:00:00 EDT 2008,296000
10629 BASIE WAY,RANCHO CORDOVA,95670,CA,4,2,1524,Residential,Mon May 19 00:00:00 EDT 2008,296056
8612 WILLOW GROVE WAY,SACRAMENTO,95828,CA,3,2,1248,Residential,Mon May 19 00:00:00 EDT 2008,297359
62 DE FER CIR,SACRAMENTO,95823,CA,4,2,1876,Residential,Mon May 19 00:00:00 EDT 2008,299940
2513 OLD KENMARE RD,LINCOLN,95648,CA,5,3,0,Residential,Mon May 19 00:00:00 EDT 2008,304000
3253 ABOTO WAY,RANCHO CORDOVA,95670,CA,4,3,1851,Residential,Mon May 19 00:00:00 EDT 2008,305000
3072 VILLAGE PLAZA DR,ROSEVILLE,95747,CA,0,0,0,Residential,Mon May 19 00:00:00 EDT 2008,307000
251 CHANGO CIR,SACRAMENTO,95835,CA,4,2,2218,Residential,Mon May 19 00:00:00 EDT 2008,311328
8205 WEYBURN CT,SACRAMENTO,95828,CA,3,2,1394,Residential,Mon May 19 00:00:00 EDT 2008,313138
8788 LA MARGARITA WAY,SACRAMENTO,95828,CA,3,2,1410,Residential,Mon May 19 00:00:00 EDT 2008,316630
5912 DEEPDALE WAY,ELK GROVE,95758,CA,5,3,3468,Residential,Mon May 19 00:00:00 EDT 2008,320000
4712 PISMO BEACH DR,ANTELOPE,95843,CA,5,3,2346,Residential,Mon May 19 00:00:00 EDT 2008,320000
4741 PACIFIC PARK DR,ANTELOPE,95843,CA,5,3,2347,Residential,Mon May 19 00:00:00 EDT 2008,325000
310 GROTH CIR,SACRAMENTO,95834,CA,4,2,1659,Residential,Mon May 19 00:00:00 EDT 2008,328578
6121 WILD FOX CT,ELK GROVE,95757,CA,3,3,2442,Residential,Mon May 19 00:00:00 EDT 2008,331000
12241 CANYONLANDS DR,RANCHO CORDOVA,95742,CA,0,0,0,Residential,Mon May 19 00:00:00 EDT 2008,331500
29 COOL FOUNTAIN CT,SACRAMENTO,95833,CA,4,2,2155,Residential,Mon May 19 00:00:00 EDT 2008,340000
907 RIO ROBLES AVE,SACRAMENTO,95838,CA,0,0,0,Residential,Mon May 19 00:00:00 EDT 2008,344755
8909 BILLFISH WAY,SACRAMENTO,95828,CA,3,2,1810,Residential,Mon May 19 00:00:00 EDT 2008,345746
6232 GUS WAY,ELK GROVE,95757,CA,4,2,2789,Residential,Mon May 19 00:00:00 EDT 2008,351000
200 OAKWILDE ST,GALT,95632,CA,4,2,1606,Residential,Mon May 19 00:00:00 EDT 2008,353767
1033 PARK STREAM DR,GALT,95632,CA,0,0,0,Residential,Mon May 19 00:00:00 EDT 2008,355000
200 ALLAIRE CIR,SACRAMENTO,95835,CA,4,2,2166,Residential,Mon May 19 00:00:00 EDT 2008,356035
1322 SUTTER WALK,SACRAMENTO,95816,CA,0,0,0,Condo,Mon May 19 00:00:00 EDT 2008,360000
5479 NICKMAN WAY,SACRAMENTO,95835,CA,4,2,1871,Residential,Mon May 19 00:00:00 EDT 2008,360552
2103 BURBERRY WAY,SACRAMENTO,95835,CA,3,2,1800,Residential,Mon May 19 00:00:00 EDT 2008,362305
2450 SAN JOSE WAY,SACRAMENTO,95817,CA,3,1,1683,Residential,Mon May 19 00:00:00 EDT 2008,365000
7641 ROSEHALL DR,ROSEVILLE,95678,CA,3,2,0,Residential,Mon May 19 00:00:00 EDT 2008,367554
1336 LAYSAN TEAL DR,ROSEVILLE,95747,CA,0,0,0,Residential,Mon May 19 00:00:00 EDT 2008,368500
2802 BLACK OAK DR,ROCKLIN,95765,CA,2,2,1596,Residential,Mon May 19 00:00:00 EDT 2008,370000
2113 FALL TRAIL CT,PLACERVILLE,95667,CA,4,2,0,Residential,Mon May 19 00:00:00 EDT 2008,371086
10112 LAMBEAU CT,ELK GROVE,95757,CA,3,2,1179,Residential,Mon May 19 00:00:00 EDT 2008,378000
6313 CASTRO VERDE WAY,ELK GROVE,95757,CA,0,0,0,Residential,Mon May 19 00:00:00 EDT 2008,383000
3622 CURTIS DR,SACRAMENTO,95818,CA,3,1,1639,Residential,Mon May 19 00:00:00 EDT 2008,388000
11817 OPAL RIDGE WAY,RANCHO CORDOVA,95742,CA,5,3,3281,Residential,Mon May 19 00:00:00 EDT 2008,395100
170 LAGOMARSINO WAY,SACRAMENTO,95819,CA,3,2,1697,Residential,Mon May 19 00:00:00 EDT 2008,400000
2743 DEAKIN PL,EL DORADO HILLS,95762,CA,3,2,0,Residential,Mon May 19 00:00:00 EDT 2008,400000
3361 ALDER CANYON WAY,ANTELOPE,95843,CA,4,3,2085,Residential,Mon May 19 00:00:00 EDT 2008,408431
2148 RANCH VIEW DR,ROCKLIN,95765,CA,0,0,0,Residential,Mon May 19 00:00:00 EDT 2008,413000
398 LINDLEY DR,SACRAMENTO,95815,CA,4,2,1744,Multi-Family,Mon May 19 00:00:00 EDT 2008,416767
3013 BRIDLEWOOD DR,EL DORADO HILLS,95762,CA,4,3,0,Residential,Mon May 19 00:00:00 EDT 2008,420000
169 BAURER CIR,FOLSOM,95630,CA,4,3,1939,Residential,Mon May 19 00:00:00 EDT 2008,423000
2809 LOON CT,CAMERON PARK,95682,CA,4,2,0,Residential,Mon May 19 00:00:00 EDT 2008,423000
1315 KONDOS AVE,SACRAMENTO,95814,CA,2,3,1788,Residential,Mon May 19 00:00:00 EDT 2008,427500
4966 CHARTER RD,ROCKLIN,95765,CA,3,2,1691,Residential,Mon May 19 00:00:00 EDT 2008,430922
9516 LAGUNA LAKE WAY,ELK GROVE,95758,CA,4,2,2002,Residential,Mon May 19 00:00:00 EDT 2008,445000
5201 BLOSSOM RANCH DR,ELK GROVE,95757,CA,4,4,4303,Residential,Mon May 19 00:00:00 EDT 2008,450000
3027 PALMATE WAY,SACRAMENTO,95834,CA,5,3,4246,Residential,Mon May 19 00:00:00 EDT 2008,452000
500 WINCHESTER CT,ROSEVILLE,95661,CA,3,2,2274,Residential,Mon May 19 00:00:00 EDT 2008,470000
5746 GELSTON WAY,EL DORADO HILLS,95762,CA,4,3,0,Residential,Mon May 19 00:00:00 EDT 2008,471000
6935 ELM TREE LN,ORANGEVALE,95662,CA,4,4,3056,Residential,Mon May 19 00:00:00 EDT 2008,475000
9605 GOLF COURSE LN,ELK GROVE,95758,CA,3,3,2503,Residential,Mon May 19 00:00:00 EDT 2008,484500
719 BAYWOOD CT,EL DORADO HILLS,95762,CA,5,3,0,Residential,Mon May 19 00:00:00 EDT 2008,487500
5954 TANUS CIR,ROCKLIN,95677,CA,3,3,0,Residential,Mon May 19 00:00:00 EDT 2008,488750
100 CHELSEA CT,FOLSOM,95630,CA,3,2,1905,Residential,Mon May 19 00:00:00 EDT 2008,500000
1500 ORANGE HILL LN,PENRYN,95663,CA,3,2,1320,Residential,Mon May 19 00:00:00 EDT 2008,506688
408 KIRKWOOD CT,LINCOLN,95648,CA,2,2,0,Residential,Mon May 19 00:00:00 EDT 2008,512000
1732 TUSCAN GROVE CIR,ROSEVILLE,95747,CA,5,3,0,Residential,Mon May 19 00:00:00 EDT 2008,520000
2049 EMPIRE MINE CIR,GOLD RIVER,95670,CA,4,2,3037,Residential,Mon May 19 00:00:00 EDT 2008,528000
9360 MAGOS RD,WILTON,95693,CA,5,2,3741,Residential,Mon May 19 00:00:00 EDT 2008,579093
104 CATLIN CT,FOLSOM,95630,CA,4,3,2660,Residential,Mon May 19 00:00:00 EDT 2008,636000
4734 GIBBONS DR,CARMICHAEL,95608,CA,4,3,3357,Residential,Mon May 19 00:00:00 EDT 2008,668365
4629 DORCHESTER LN,GRANITE BAY,95746,CA,5,3,2896,Residential,Mon May 19 00:00:00 EDT 2008,676200
2400 COUNTRYSIDE DR,PLACERVILLE,95667,CA,3,2,2025,Residential,Mon May 19 00:00:00 EDT 2008,677048
12901 FURLONG DR,WILTON,95693,CA,5,3,3788,Residential,Mon May 19 00:00:00 EDT 2008,691659
6222 CALLE MONTALVO CIR,GRANITE BAY,95746,CA,5,3,3670,Residential,Mon May 19 00:00:00 EDT 2008,760000
20 CRYSTALWOOD CIR,LINCOLN,95648,CA,0,0,0,Residential,Mon May 19 00:00:00 EDT 2008,4897
24 CRYSTALWOOD CIR,LINCOLN,95648,CA,0,0,0,Residential,Mon May 19 00:00:00 EDT 2008,4897
28 CRYSTALWOOD CIR,LINCOLN,95648,CA,0,0,0,Residential,Mon May 19 00:00:00 EDT 2008,4897
32 CRYSTALWOOD CIR,LINCOLN,95648,CA,0,0,0,Residential,Mon May 19 00:00:00 EDT 2008,4897
36 CRYSTALWOOD CIR,LINCOLN,95648,CA,0,0,0,Residential,Mon May 19 00:00:00 EDT 2008,4897
40 CRYSTALWOOD CIR,LINCOLN,95648,CA,0,0,0,Residential,Mon May 19 00:00:00 EDT 2008,4897
44 CRYSTALWOOD CIR,LINCOLN,95648,CA,0,0,0,Residential,Mon May 19 00:00:00 EDT 2008,4897
48 CRYSTALWOOD CIR,LINCOLN,95648,CA,0,0,0,Residential,Mon May 19 00:00:00 EDT 2008,4897
52 CRYSTALWOOD CIR,LINCOLN,95648,CA,0,0,0,Residential,Mon May 19 00:00:00 EDT 2008,4897
68 CRYSTALWOOD CIR,LINCOLN,95648,CA,0,0,0,Residential,Mon May 19 00:00:00 EDT 2008,4897
72 CRYSTALWOOD CIR,LINCOLN,95648,CA,0,0,0,Residential,Mon May 19 00:00:00 EDT 2008,4897
76 CRYSTALWOOD CIR,LINCOLN,95648,CA,0,0,0,Residential,Mon May 19 00:00:00 EDT 2008,4897
80 CRYSTALWOOD CIR,LINCOLN,95648,CA,0,0,0,Residential,Mon May 19 00:00:00 EDT 2008,4897
84 CRYSTALWOOD CIR,LINCOLN,95648,CA,0,0,0,Residential,Mon May 19 00:00:00 EDT 2008,4897
88 CRYSTALWOOD CIR,LINCOLN,95648,CA,0,0,0,Residential,Mon May 19 00:00:00 EDT 2008,4897
92 CRYSTALWOOD CIR,LINCOLN,95648,CA,0,0,0,Residential,Mon May 19 00:00:00 EDT 2008,4897
96 CRYSTALWOOD CIR,LINCOLN,95648,CA,0,0,0,Residential,Mon May 19 00:00:00 EDT 2008,4897
100 CRYSTALWOOD CIR,LINCOLN,95648,CA,0,0,0,Residential,Mon May 19 00:00:00 EDT 2008,4897
434 1ST ST,LINCOLN,95648,CA,0,0,0,Residential,Mon May 19 00:00:00 EDT 2008,4897
3 E ST,LINCOLN,95648,CA,0,0,0,Residential,Mon May 19 00:00:00 EDT 2008,4897
11 E ST,LINCOLN,95648,CA,0,0,0,Residential,Mon May 19 00:00:00 EDT 2008,4897
19 E ST,LINCOLN,95648,CA,0,0,0,Residential,Mon May 19 00:00:00 EDT 2008,4897
27 E ST,LINCOLN,95648,CA,0,0,0,Residential,Mon May 19 00:00:00 EDT 2008,4897
35 E ST,LINCOLN,95648,CA,0,0,0,Residential,Mon May 19 00:00:00 EDT 2008,4897
43 E ST,LINCOLN,95648,CA,0,0,0,Residential,Mon May 19 00:00:00 EDT 2008,4897
51 E ST,LINCOLN,95648,CA,4,2,0,Residential,Mon May 19 00:00:00 EDT 2008,4897
59 E ST,LINCOLN,95648,CA,3,2,0,Residential,Mon May 19 00:00:00 EDT 2008,4897
75 E ST,LINCOLN,95648,CA,3,2,0,Residential,Mon May 19 00:00:00 EDT 2008,4897
63 CRYSTALWOOD CIR,LINCOLN,95648,CA,0,0,0,Residential,Mon May 19 00:00:00 EDT 2008,4897
398 1ST ST,LINCOLN,95648,CA,0,0,0,Residential,Mon May 19 00:00:00 EDT 2008,4897
386 1ST ST,LINCOLN,95648,CA,0,0,0,Residential,Mon May 19 00:00:00 EDT 2008,4897
374 1ST ST,LINCOLN,95648,CA,0,0,0,Residential,Mon May 19 00:00:00 EDT 2008,4897
116 CRYSTALWOOD WAY,LINCOLN,95648,CA,0,0,0,Residential,Mon May 19 00:00:00 EDT 2008,4897
108 CRYSTALWOOD WAY,LINCOLN,95648,CA,0,0,0,Residential,Mon May 19 00:00:00 EDT 2008,4897
100 CRYSTALWOOD WAY,LINCOLN,95648,CA,0,0,0,Residential,Mon May 19 00:00:00 EDT 2008,4897
55 CRYSTALWOOD CIR,LINCOLN,95648,CA,0,0,0,Residential,Mon May 19 00:00:00 EDT 2008,4897
51 CRYSTALWOOD CIR,LINCOLN,95648,CA,0,0,0,Residential,Mon May 19 00:00:00 EDT 2008,4897
47 CRYSTALWOOD CIR,LINCOLN,95648,CA,0,0,0,Residential,Mon May 19 00:00:00 EDT 2008,4897
43 CRYSTALWOOD CIR,LINCOLN,95648,CA,0,0,0,Residential,Mon May 19 00:00:00 EDT 2008,4897
39 CRYSTALWOOD CIR,LINCOLN,95648,CA,0,0,0,Residential,Mon May 19 00:00:00 EDT 2008,4897
35 CRYSTALWOOD CIR,LINCOLN,95648,CA,0,0,0,Residential,Mon May 19 00:00:00 EDT 2008,4897
31 CRYSTALWOOD CIR,LINCOLN,95648,CA,0,0,0,Residential,Mon May 19 00:00:00 EDT 2008,4897
27 CRYSTALWOOD CIR,LINCOLN,95648,CA,0,0,0,Residential,Mon May 19 00:00:00 EDT 2008,4897
23 CRYSTALWOOD CIR,LINCOLN,95648,CA,0,0,0,Residential,Mon May 19 00:00:00 EDT 2008,4897
19 CRYSTALWOOD CIR,LINCOLN,95648,CA,0,0,0,Residential,Mon May 19 00:00:00 EDT 2008,4897
15 CRYSTALWOOD CIR,LINCOLN,95648,CA,0,0,0,Residential,Mon May 19 00:00:00 EDT 2008,4897
7 CRYSTALWOOD CIR,LINCOLN,95648,CA,0,0,0,Residential,Mon May 19 00:00:00 EDT 2008,4897
7 CRYSTALWOOD CIR,LINCOLN,95648,CA,0,0,0,Residential,Mon May 19 00:00:00 EDT 2008,4897
3 CRYSTALWOOD CIR,LINCOLN,95648,CA,0,0,0,Residential,Mon May 19 00:00:00 EDT 2008,4897
8208 WOODYARD WAY,CITRUS HEIGHTS,95621,CA,3,2,1166,Residential,Fri May 16 00:00:00 EDT 2008,30000
113 RINETTI WAY,RIO LINDA,95673,CA,0,0,0,Residential,Fri May 16 00:00:00 EDT 2008,30000
15 LOORZ CT,SACRAMENTO,95823,CA,2,1,838,Residential,Fri May 16 00:00:00 EDT 2008,55422
5805 DOTMAR WAY,NORTH HIGHLANDS,95660,CA,2,1,904,Residential,Fri May 16 00:00:00 EDT 2008,63000
2332 CAMBRIDGE ST,SACRAMENTO,95815,CA,2,1,1032,Residential,Fri May 16 00:00:00 EDT 2008,65000
3812 BELDEN ST,SACRAMENTO,95838,CA,2,1,904,Residential,Fri May 16 00:00:00 EDT 2008,65000
3348 40TH ST,SACRAMENTO,95817,CA,2,1,1080,Residential,Fri May 16 00:00:00 EDT 2008,65000
127 QUASAR CIR,SACRAMENTO,95822,CA,2,2,990,Residential,Fri May 16 00:00:00 EDT 2008,66500
3812 CYPRESS ST,SACRAMENTO,95838,CA,2,1,900,Residential,Fri May 16 00:00:00 EDT 2008,71000
5821 64TH ST,SACRAMENTO,95824,CA,2,1,861,Residential,Fri May 16 00:00:00 EDT 2008,75000
8248 CENTER PKWY,SACRAMENTO,95823,CA,2,1,906,Condo,Fri May 16 00:00:00 EDT 2008,77000
1171 SONOMA AVE,SACRAMENTO,95815,CA,2,1,1011,Residential,Fri May 16 00:00:00 EDT 2008,85000
4250 ARDWELL WAY,SACRAMENTO,95823,CA,3,2,1089,Residential,Fri May 16 00:00:00 EDT 2008,95625
3104 CLAY ST,SACRAMENTO,95815,CA,2,1,832,Residential,Fri May 16 00:00:00 EDT 2008,96140
6063 LAND PARK DR,SACRAMENTO,95822,CA,2,1,800,Condo,Fri May 16 00:00:00 EDT 2008,104250
4738 OAKHOLLOW DR,SACRAMENTO,95842,CA,4,2,1292,Residential,Fri May 16 00:00:00 EDT 2008,105000
1401 STERLING ST,SACRAMENTO,95822,CA,2,1,810,Residential,Fri May 16 00:00:00 EDT 2008,108000
3715 DIDCOT CIR,SACRAMENTO,95838,CA,4,2,1064,Residential,Fri May 16 00:00:00 EDT 2008,109000
2426 RASHAWN DR,RANCHO CORDOVA,95670,CA,2,1,911,Residential,Fri May 16 00:00:00 EDT 2008,115000
4800 WESTLAKE PKWY Unit 410,SACRAMENTO,95835,CA,1,1,846,Condo,Fri May 16 00:00:00 EDT 2008,115000
3409 VIRGO ST,SACRAMENTO,95827,CA,3,2,1320,Residential,Fri May 16 00:00:00 EDT 2008,115500
1110 PINEDALE AVE,SACRAMENTO,95838,CA,3,2,1410,Residential,Fri May 16 00:00:00 EDT 2008,115620
2361 LA LOMA DR,RANCHO CORDOVA,95670,CA,3,2,1115,Residential,Fri May 16 00:00:00 EDT 2008,116000
1455 64TH AVE,SACRAMENTO,95822,CA,3,2,1169,Residential,Fri May 16 00:00:00 EDT 2008,122000
7328 SPRINGMAN ST,SACRAMENTO,95822,CA,3,2,1164,Residential,Fri May 16 00:00:00 EDT 2008,122500
119 SAINT MARIE CIR,SACRAMENTO,95823,CA,4,2,1341,Residential,Fri May 16 00:00:00 EDT 2008,123000
12 COSTA BRASE CT,SACRAMENTO,95838,CA,3,2,1219,Residential,Fri May 16 00:00:00 EDT 2008,124000
6813 SCOTER WAY,SACRAMENTO,95842,CA,4,2,1127,Residential,Fri May 16 00:00:00 EDT 2008,124000
6548 GRAYLOCK LN,NORTH HIGHLANDS,95660,CA,3,2,1272,Residential,Fri May 16 00:00:00 EDT 2008,124413
1630 GLIDDEN AVE,SACRAMENTO,95822,CA,4,2,1253,Residential,Fri May 16 00:00:00 EDT 2008,125000
7825 DALEWOODS WAY,SACRAMENTO,95828,CA,3,2,1120,Residential,Fri May 16 00:00:00 EDT 2008,130000
4073 TRESLER AVE,NORTH HIGHLANDS,95660,CA,2,2,1118,Residential,Fri May 16 00:00:00 EDT 2008,131750
4288 DYMIC WAY,SACRAMENTO,95838,CA,4,3,1890,Residential,Fri May 16 00:00:00 EDT 2008,137721
1158 SAN IGNACIO WAY,SACRAMENTO,95833,CA,3,2,1260,Residential,Fri May 16 00:00:00 EDT 2008,137760
4904 J PKWY,SACRAMENTO,95823,CA,3,2,1400,Residential,Fri May 16 00:00:00 EDT 2008,138000
2931 HOWE AVE,SACRAMENTO,95821,CA,3,1,1264,Residential,Fri May 16 00:00:00 EDT 2008,140000
5531 JANSEN DR,SACRAMENTO,95824,CA,3,1,1060,Residential,Fri May 16 00:00:00 EDT 2008,145000
7836 ORCHARD WOODS CIR,SACRAMENTO,95828,CA,2,2,1132,Residential,Fri May 16 00:00:00 EDT 2008,145000
4055 DEERBROOK DR,SACRAMENTO,95823,CA,3,2,1466,Residential,Fri May 16 00:00:00 EDT 2008,150000
9937 BURLINE ST,SACRAMENTO,95827,CA,3,2,1092,Residential,Fri May 16 00:00:00 EDT 2008,150000
6948 MIRADOR WAY,SACRAMENTO,95828,CA,4,2,1628,Residential,Fri May 16 00:00:00 EDT 2008,151000
4909 RUGER CT,SACRAMENTO,95842,CA,3,2,960,Residential,Fri May 16 00:00:00 EDT 2008,155000
7204 KERSTEN ST,CITRUS HEIGHTS,95621,CA,3,2,1075,Residential,Fri May 16 00:00:00 EDT 2008,155800
3150 ROSEMONT DR,SACRAMENTO,95826,CA,3,2,1428,Residential,Fri May 16 00:00:00 EDT 2008,156142
8200 STEINBECK WAY,SACRAMENTO,95828,CA,4,2,1358,Residential,Fri May 16 00:00:00 EDT 2008,158000
8198 STEVENSON AVE,SACRAMENTO,95828,CA,6,4,2475,Multi-Family,Fri May 16 00:00:00 EDT 2008,159900
6824 OLIVE TREE WAY,CITRUS HEIGHTS,95610,CA,3,2,1410,Residential,Fri May 16 00:00:00 EDT 2008,160000
3536 SUN MAIDEN WAY,ANTELOPE,95843,CA,3,2,1711,Residential,Fri May 16 00:00:00 EDT 2008,161500
4517 OLYMPIAD WAY,SACRAMENTO,95826,CA,4,2,1483,Residential,Fri May 16 00:00:00 EDT 2008,161600
925 COBDEN CT,GALT,95632,CA,3,2,1140,Residential,Fri May 16 00:00:00 EDT 2008,162000
8225 SCOTTSDALE DR,SACRAMENTO,95828,CA,4,2,1549,Residential,Fri May 16 00:00:00 EDT 2008,165000
8758 LEMAS RD,SACRAMENTO,95828,CA,3,2,1410,Residential,Fri May 16 00:00:00 EDT 2008,165000
6121 ALPINESPRING WAY,ELK GROVE,95758,CA,3,2,1240,Residential,Fri May 16 00:00:00 EDT 2008,167293
5937 YORK GLEN WAY,SACRAMENTO,95842,CA,5,2,1712,Residential,Fri May 16 00:00:00 EDT 2008,168000
6417 SUNNYFIELD WAY,SACRAMENTO,95823,CA,4,2,1580,Residential,Fri May 16 00:00:00 EDT 2008,168000
4008 GREY LIVERY WAY,ANTELOPE,95843,CA,3,2,1669,Residential,Fri May 16 00:00:00 EDT 2008,168750
8920 ROSETTA CIR,SACRAMENTO,95826,CA,3,1,1029,Residential,Fri May 16 00:00:00 EDT 2008,168750
8300 LICHEN DR,CITRUS HEIGHTS,95621,CA,3,1,1103,Residential,Fri May 16 00:00:00 EDT 2008,170000
8884 AMBERJACK WAY,SACRAMENTO,95828,CA,3,2,2161,Residential,Fri May 16 00:00:00 EDT 2008,170250
4480 VALLEY HI DR,SACRAMENTO,95823,CA,3,2,1650,Residential,Fri May 16 00:00:00 EDT 2008,173000
2250 FOREBAY RD,POLLOCK PINES,95726,CA,3,1,1320,Residential,Fri May 16 00:00:00 EDT 2008,175000
3529 FABERGE WAY,SACRAMENTO,95826,CA,3,2,1200,Residential,Fri May 16 00:00:00 EDT 2008,176095
1792 DAWNELLE WAY,SACRAMENTO,95835,CA,3,2,1170,Residential,Fri May 16 00:00:00 EDT 2008,176250
7800 TABARE CT,CITRUS HEIGHTS,95621,CA,3,2,1199,Residential,Fri May 16 00:00:00 EDT 2008,178000
8531 HERMITAGE WAY,SACRAMENTO,95823,CA,4,2,1695,Residential,Fri May 16 00:00:00 EDT 2008,179000
2421 BERRYWOOD DR,RANCHO CORDOVA,95670,CA,3,2,1157,Residential,Fri May 16 00:00:00 EDT 2008,180000
1005 MORENO WAY,SACRAMENTO,95838,CA,3,2,1410,Residential,Fri May 16 00:00:00 EDT 2008,180000
1675 VERNON ST Unit 24,ROSEVILLE,95678,CA,3,2,1174,Residential,Fri May 16 00:00:00 EDT 2008,180000
24 WINDCHIME CT,SACRAMENTO,95823,CA,3,2,1593,Residential,Fri May 16 00:00:00 EDT 2008,181000
540 HARLING CT,RIO LINDA,95673,CA,3,2,1093,Residential,Fri May 16 00:00:00 EDT 2008,182000
1207 CRESCENDO DR,ROSEVILLE,95678,CA,3,2,1770,Residential,Fri May 16 00:00:00 EDT 2008,182587
7577 EDDYLEE WAY,SACRAMENTO,95822,CA,4,2,1436,Residential,Fri May 16 00:00:00 EDT 2008,185074
8369 FOPPIANO WAY,SACRAMENTO,95829,CA,3,2,1124,Residential,Fri May 16 00:00:00 EDT 2008,185833
8817 SAWTELLE WAY,SACRAMENTO,95826,CA,4,2,1139,Residential,Fri May 16 00:00:00 EDT 2008,186785
1910 BONAVISTA WAY,SACRAMENTO,95832,CA,3,2,1638,Residential,Fri May 16 00:00:00 EDT 2008,187000
8 TIDE CT,SACRAMENTO,95833,CA,3,2,1328,Residential,Fri May 16 00:00:00 EDT 2008,188335
8952 ROCKY CREEK CT,ELK GROVE,95758,CA,3,2,1273,Residential,Fri May 16 00:00:00 EDT 2008,190000
435 EXCHANGE ST,SACRAMENTO,95838,CA,3,1,1082,Residential,Fri May 16 00:00:00 EDT 2008,190000
10105 MONTE VALLO CT,SACRAMENTO,95827,CA,4,2,1578,Residential,Fri May 16 00:00:00 EDT 2008,190000
3930 ANNABELLE AVE,ROSEVILLE,95661,CA,2,1,796,Residential,Fri May 16 00:00:00 EDT 2008,190000
4854 TANGERINE AVE,SACRAMENTO,95823,CA,3,2,1386,Residential,Fri May 16 00:00:00 EDT 2008,191250
2909 SHAWN WAY,RANCHO CORDOVA,95670,CA,3,2,1452,Residential,Fri May 16 00:00:00 EDT 2008,193000
4290 BLACKFORD WAY,SACRAMENTO,95823,CA,3,2,1513,Residential,Fri May 16 00:00:00 EDT 2008,193500
5890 TT TRAK,FORESTHILL,95631,CA,0,0,0,Residential,Fri May 16 00:00:00 EDT 2008,194818
7015 WOODSIDE DR,SACRAMENTO,95842,CA,4,2,1578,Residential,Fri May 16 00:00:00 EDT 2008,195000
6019 CHESHIRE WAY,CITRUS HEIGHTS,95610,CA,4,3,1736,Residential,Fri May 16 00:00:00 EDT 2008,195000
3330 VILLAGE CT,CAMERON PARK,95682,CA,2,2,0,Residential,Fri May 16 00:00:00 EDT 2008,195000
2561 VERNA WAY,SACRAMENTO,95821,CA,3,1,1473,Residential,Fri May 16 00:00:00 EDT 2008,195000
3522 22ND AVE,SACRAMENTO,95820,CA,3,1,1150,Residential,Fri May 16 00:00:00 EDT 2008,198000
2880 CANDIDO DR,SACRAMENTO,95833,CA,3,2,1127,Residential,Fri May 16 00:00:00 EDT 2008,199900
6908 PIN OAK CT,FAIR OAKS,95628,CA,3,1,1144,Residential,Fri May 16 00:00:00 EDT 2008,200000
5733 ANGELINA AVE,CARMICHAEL,95608,CA,3,1,972,Residential,Fri May 16 00:00:00 EDT 2008,201000
7849 BONNY DOWNS WAY,ELK GROVE,95758,CA,4,2,2306,Residential,Fri May 16 00:00:00 EDT 2008,204918
8716 LONGSPUR WAY,ANTELOPE,95843,CA,3,2,1479,Residential,Fri May 16 00:00:00 EDT 2008,205000
6320 EL DORADO ST,EL DORADO,95623,CA,2,1,1040,Residential,Fri May 16 00:00:00 EDT 2008,205000
2328 DOROTHY JUNE WAY,SACRAMENTO,95838,CA,3,2,1430,Residential,Fri May 16 00:00:00 EDT 2008,205878
1986 DANVERS WAY,SACRAMENTO,95832,CA,4,2,1800,Residential,Fri May 16 00:00:00 EDT 2008,207000
7901 GAZELLE TRAIL WAY,ANTELOPE,95843,CA,4,2,1953,Residential,Fri May 16 00:00:00 EDT 2008,207744
6080 BRIDGECROSS DR,SACRAMENTO,95835,CA,3,2,1120,Residential,Fri May 16 00:00:00 EDT 2008,209000
20 GROTH CIR,SACRAMENTO,95834,CA,3,2,1232,Residential,Fri May 16 00:00:00 EDT 2008,210000
1900 DANBROOK DR,SACRAMENTO,95835,AC,1,1,-984,Condo,Fri May 16 00:00:00 EDT 2008,-210944
140 VENTO CT,ROSEVILLE,95678,CA,3,2,0,Condo,Fri May 16 00:00:00 EDT 2008,212500
8442 KEUSMAN ST,ELK GROVE,95758,CA,4,2,2329,Residential,Fri May 16 00:00:00 EDT 2008,213750
9552 SUNLIGHT LN,ELK GROVE,95758,CA,3,2,1351,Residential,Fri May 16 00:00:00 EDT 2008,215000
2733 YUMA CT,CAMERON PARK,95682,CA,2,2,0,Residential,Fri May 16 00:00:00 EDT 2008,215000
1407 TIFFANY CIR,ROSEVILLE,95661,CA,4,1,1376,Residential,Fri May 16 00:00:00 EDT 2008,215000
636 CRESTVIEW DR,DIAMOND SPRINGS,95619,CA,3,2,1300,Residential,Fri May 16 00:00:00 EDT 2008,216033
1528 HESKET WAY,SACRAMENTO,95825,CA,4,2,1566,Residential,Fri May 16 00:00:00 EDT 2008,220000
2327 32ND ST,SACRAMENTO,95817,CA,2,1,1115,Residential,Fri May 16 00:00:00 EDT 2008,220000
1833 2ND AVE,SACRAMENTO,95818,CA,2,1,1032,Residential,Fri May 16 00:00:00 EDT 2008,220000
7252 CARRIAGE DR,CITRUS HEIGHTS,95621,CA,4,2,1419,Residential,Fri May 16 00:00:00 EDT 2008,220000
9815 PASO FINO WAY,ELK GROVE,95757,CA,3,2,1261,Residential,Fri May 16 00:00:00 EDT 2008,220000
5532 ENGLE RD,CARMICHAEL,95608,CA,2,2,1637,Residential,Fri May 16 00:00:00 EDT 2008,220702
1139 CLINTON RD,SACRAMENTO,95825,CA,4,2,1776,Multi-Family,Fri May 16 00:00:00 EDT 2008,221250
9176 SAGE GLEN WAY,ELK GROVE,95758,CA,3,2,1338,Residential,Fri May 16 00:00:00 EDT 2008,222000
9967 HATHERTON WAY,ELK GROVE,95757,CA,0,0,0,Residential,Fri May 16 00:00:00 EDT 2008,222500
9264 BOULDER RIVER WAY,ELK GROVE,95624,CA,5,2,2254,Residential,Fri May 16 00:00:00 EDT 2008,222750
320 GROTH CIR,SACRAMENTO,95834,CA,3,2,1441,Residential,Fri May 16 00:00:00 EDT 2008,225000
137 GUNNISON AVE,SACRAMENTO,95838,CA,4,2,1991,Residential,Fri May 16 00:00:00 EDT 2008,225000
8209 RIVALLO WAY,SACRAMENTO,95829,CA,4,3,2126,Residential,Fri May 16 00:00:00 EDT 2008,228750
8637 PERIWINKLE CIR,ELK GROVE,95624,CA,3,2,1094,Residential,Fri May 16 00:00:00 EDT 2008,229000
3425 MEADOW WAY,ROCKLIN,95677,CA,3,2,1462,Residential,Fri May 16 00:00:00 EDT 2008,230095
107 JARVIS CIR,SACRAMENTO,95834,CA,5,3,2258,Residential,Fri May 16 00:00:00 EDT 2008,232500
2319 THORES ST,RANCHO CORDOVA,95670,CA,3,2,1074,Residential,Fri May 16 00:00:00 EDT 2008,233000
8935 MOUNTAIN HOME CT,ELK GROVE,95624,CA,4,2,2111,Residential,Fri May 16 00:00:00 EDT 2008,233500
2566 SERENATA WAY,SACRAMENTO,95835,CA,3,2,1686,Residential,Fri May 16 00:00:00 EDT 2008,239000
4085 COUNTRY DR,ANTELOPE,95843,CA,4,3,1915,Residential,Fri May 16 00:00:00 EDT 2008,240000
9297 TROUT WAY,ELK GROVE,95624,CA,4,2,2367,Residential,Fri May 16 00:00:00 EDT 2008,240000
7 ARCHIBALD CT,SACRAMENTO,95823,CA,3,2,1962,Residential,Fri May 16 00:00:00 EDT 2008,240971
11130 EEL RIVER CT,RANCHO CORDOVA,95670,CA,2,2,1406,Residential,Fri May 16 00:00:00 EDT 2008,242000
8323 REDBANK WAY,SACRAMENTO,95829,CA,3,2,1789,Residential,Fri May 16 00:00:00 EDT 2008,243450
16 BRONCO CREEK CT,SACRAMENTO,95835,CA,4,2,1876,Residential,Fri May 16 00:00:00 EDT 2008,243500
8316 NORTHAM DR,ANTELOPE,95843,CA,3,2,1235,Residential,Fri May 16 00:00:00 EDT 2008,246544
4240 WINJE DR,ANTELOPE,95843,CA,4,2,2504,Residential,Fri May 16 00:00:00 EDT 2008,246750
3569 SODA WAY,SACRAMENTO,95834,CA,0,0,0,Residential,Fri May 16 00:00:00 EDT 2008,247000
5118 ROBANDER ST,CARMICHAEL,95608,CA,3,2,1676,Residential,Fri May 16 00:00:00 EDT 2008,247000
5976 KYLENCH CT,CITRUS HEIGHTS,95621,CA,3,2,1367,Residential,Fri May 16 00:00:00 EDT 2008,249000
9247 DELAIR WAY,ELK GROVE,95758,CA,4,3,1899,Residential,Fri May 16 00:00:00 EDT 2008,249000
9054 DESCENDANT DR,ELK GROVE,95758,CA,3,2,1636,Residential,Fri May 16 00:00:00 EDT 2008,250000
3450 WHITNOR CT,SACRAMENTO,95821,CA,3,2,1828,Residential,Fri May 16 00:00:00 EDT 2008,250000
6288 LONETREE BLVD,ROCKLIN,95765,CA,0,0,0,Residential,Fri May 16 00:00:00 EDT 2008,250000
9355 MATADOR WAY,SACRAMENTO,95826,CA,4,2,1438,Residential,Fri May 16 00:00:00 EDT 2008,252000
8671 SUMMER SUN WAY,ELK GROVE,95624,CA,3,2,1451,Residential,Fri May 16 00:00:00 EDT 2008,255000
1890 GENEVA PL,SACRAMENTO,95825,CA,3,1,1520,Residential,Fri May 16 00:00:00 EDT 2008,255000
1813 AVENIDA MARTINA,ROSEVILLE,95747,CA,3,2,1506,Residential,Fri May 16 00:00:00 EDT 2008,255000
191 BARNHART CIR,SACRAMENTO,95835,CA,4,2,2605,Residential,Fri May 16 00:00:00 EDT 2008,257200
6221 GREEN TOP WAY,ORANGEVALE,95662,CA,3,2,1196,Residential,Fri May 16 00:00:00 EDT 2008,260000
2298 PRIMROSE LN,LINCOLN,95648,CA,3,2,1621,Residential,Fri May 16 00:00:00 EDT 2008,260000
5635 LOS PUEBLOS WAY,SACRAMENTO,95835,CA,3,2,1811,Residential,Fri May 16 00:00:00 EDT 2008,263500
10165 LOFTON WAY,ELK GROVE,95757,CA,3,2,1540,Residential,Fri May 16 00:00:00 EDT 2008,266510
1251 GREEN RAVINE DR,LINCOLN,95648,CA,4,2,0,Residential,Fri May 16 00:00:00 EDT 2008,267750
6001 SHOO FLY RD,PLACERVILLE,95667,CA,0,0,0,Residential,Fri May 16 00:00:00 EDT 2008,270000
3040 PARKHAM DR,ROSEVILLE,95747,CA,0,0,0,Residential,Fri May 16 00:00:00 EDT 2008,271000
2674 TAM O SHANTER DR,EL DORADO HILLS,95762,CA,4,2,0,Residential,Fri May 16 00:00:00 EDT 2008,272700
6007 MARYBELLE LN,SHINGLE SPRINGS,95682,CA,0,0,0,Unkown,Fri May 16 00:00:00 EDT 2008,275000
9949 NESTLING CIR,ELK GROVE,95757,CA,3,2,1543,Residential,Fri May 16 00:00:00 EDT 2008,275000
2915 HOLDREGE WAY,SACRAMENTO,95835,CA,5,3,2494,Residential,Fri May 16 00:00:00 EDT 2008,276000
2678 BRIARTON DR,LINCOLN,95648,CA,3,2,1650,Residential,Fri May 16 00:00:00 EDT 2008,276500
294 SPARROW DR,GALT,95632,CA,4,3,2214,Residential,Fri May 16 00:00:00 EDT 2008,278000
2987 DIORITE WAY,SACRAMENTO,95835,CA,5,3,2280,Residential,Fri May 16 00:00:00 EDT 2008,279000
6326 APPIAN WAY,CARMICHAEL,95608,CA,3,2,1443,Residential,Fri May 16 00:00:00 EDT 2008,280000
6905 COBALT WAY,CITRUS HEIGHTS,95621,CA,4,2,1582,Residential,Fri May 16 00:00:00 EDT 2008,280000
8986 HAFLINGER WAY,ELK GROVE,95757,CA,3,2,1857,Residential,Fri May 16 00:00:00 EDT 2008,285000
2916 BABSON DR,ELK GROVE,95758,CA,3,2,1735,Residential,Fri May 16 00:00:00 EDT 2008,288000
10133 NEBBIOLO CT,ELK GROVE,95624,CA,4,3,2096,Residential,Fri May 16 00:00:00 EDT 2008,289000
1103 COMMONS DR,SACRAMENTO,95825,CA,3,2,1720,Residential,Fri May 16 00:00:00 EDT 2008,290000
4636 TEAL BAY CT,ANTELOPE,95843,CA,4,2,2160,Residential,Fri May 16 00:00:00 EDT 2008,290000
1524 YOUNGS AVE,SACRAMENTO,95838,CA,4,2,1382,Residential,Fri May 16 00:00:00 EDT 2008,293996
865 CONRAD CT,PLACERVILLE,95667,CA,3,2,0,Residential,Fri May 16 00:00:00 EDT 2008,294000
8463 TERRACOTTA CT,ELK GROVE,95624,CA,4,2,1721,Residential,Fri May 16 00:00:00 EDT 2008,294173
5747 KING RD,LOOMIS,95650,CA,4,2,1328,Residential,Fri May 16 00:00:00 EDT 2008,295000
8253 KEEGAN WAY,ELK GROVE,95624,CA,0,0,0,Residential,Fri May 16 00:00:00 EDT 2008,298000
9204 TROUT WAY,ELK GROVE,95624,CA,4,2,1982,Residential,Fri May 16 00:00:00 EDT 2008,298000
1828 2ND AVE,SACRAMENTO,95818,CA,2,1,1144,Residential,Fri May 16 00:00:00 EDT 2008,299000
1113 COMMONS DR,SACRAMENTO,95825,CA,2,2,1623,Residential,Fri May 16 00:00:00 EDT 2008,300000
2341 BIG STRIKE TRL,COOL,95614,CA,3,2,1457,Residential,Fri May 16 00:00:00 EDT 2008,300000
9452 RED SPRUCE WAY,ELK GROVE,95624,CA,6,3,2555,Residential,Fri May 16 00:00:00 EDT 2008,300000
5776 TERRACE DR,ROCKLIN,95765,CA,3,2,1577,Residential,Fri May 16 00:00:00 EDT 2008,300567
5908 MCLEAN DR,ELK GROVE,95757,CA,5,3,2592,Residential,Fri May 16 00:00:00 EDT 2008,303000
8215 PEREGRINE WAY,CITRUS HEIGHTS,95610,CA,3,2,1401,Residential,Fri May 16 00:00:00 EDT 2008,305000
1104 HILLSDALE LN,LINCOLN,95648,CA,4,2,0,Residential,Fri May 16 00:00:00 EDT 2008,306000
2949 PANAMA AVE,CARMICHAEL,95608,CA,3,2,1502,Residential,Fri May 16 00:00:00 EDT 2008,310000
1356 HARTLEY WAY,FOLSOM,95630,CA,3,2,1327,Residential,Fri May 16 00:00:00 EDT 2008,310000
633 HANISCH DR,ROSEVILLE,95678,CA,4,3,1800,Residential,Fri May 16 00:00:00 EDT 2008,310000
63 ANGEL ISLAND CIR,SACRAMENTO,95831,CA,4,2,2169,Residential,Fri May 16 00:00:00 EDT 2008,311518
1571 WILD OAK LN,LINCOLN,95648,CA,5,3,2457,Residential,Fri May 16 00:00:00 EDT 2008,312000
5222 COPPER SUNSET WAY,RANCHO CORDOVA,95742,CA,0,0,0,Residential,Fri May 16 00:00:00 EDT 2008,313000
5601 SPINDRIFT LN,ORANGEVALE,95662,CA,4,2,2004,Residential,Fri May 16 00:00:00 EDT 2008,315000
652 FIFTEEN MILE DR,ROSEVILLE,95678,CA,4,3,2212,Residential,Fri May 16 00:00:00 EDT 2008,315000
7921 DOE TRAIL WAY,ANTELOPE,95843,CA,5,3,3134,Residential,Fri May 16 00:00:00 EDT 2008,315000
4204 LUSK DR,SACRAMENTO,95864,CA,3,2,1360,Residential,Fri May 16 00:00:00 EDT 2008,315000
5321 DELTA DR,ROCKLIN,95765,CA,4,2,0,Residential,Fri May 16 00:00:00 EDT 2008,315000
5608 ROSEDALE WAY,SACRAMENTO,95822,CA,3,2,1276,Residential,Fri May 16 00:00:00 EDT 2008,320000
3372 BERETANIA WAY,SACRAMENTO,95834,CA,4,3,2962,Residential,Fri May 16 00:00:00 EDT 2008,322000
2422 STEFANIE DR,ROCKLIN,95765,CA,4,2,1888,Residential,Fri May 16 00:00:00 EDT 2008,325000
3232 PARKHAM DR,ROSEVILLE,95747,CA,0,0,0,Residential,Fri May 16 00:00:00 EDT 2008,325500
448 ELMWOOD CT,ROSEVILLE,95678,CA,3,2,0,Residential,Fri May 16 00:00:00 EDT 2008,326951
1214 DAWNWOOD DR,GALT,95632,CA,3,2,1548,Residential,Fri May 16 00:00:00 EDT 2008,328370
1440 EMERALD LN,LINCOLN,95648,CA,2,2,0,Residential,Fri May 16 00:00:00 EDT 2008,330000
3349 CORVINA DR,RANCHO CORDOVA,95670,CA,4,3,2109,Residential,Fri May 16 00:00:00 EDT 2008,330000
10254 JULIANA WAY,SACRAMENTO,95827,CA,4,2,2484,Residential,Fri May 16 00:00:00 EDT 2008,331200
149 OPUS CIR,SACRAMENTO,95834,CA,4,3,2258,Residential,Fri May 16 00:00:00 EDT 2008,332000
580 REGENCY PARK CIR,SACRAMENTO,95835,CA,3,3,2212,Residential,Fri May 16 00:00:00 EDT 2008,334000
5544 CAMAS CT,ORANGEVALE,95662,CA,3,2,1616,Residential,Fri May 16 00:00:00 EDT 2008,335000
5102 ARCHCREST WAY,SACRAMENTO,95835,CA,4,2,2372,Residential,Fri May 16 00:00:00 EDT 2008,341000
5725 BALFOR RD,ROCKLIN,95765,CA,5,3,2606,Residential,Fri May 16 00:00:00 EDT 2008,346375
7697 ROSEHALL DR,ROSEVILLE,95678,CA,5,3,0,Residential,Fri May 16 00:00:00 EDT 2008,347225
4821 HUTSON WAY,ELK GROVE,95757,CA,5,3,2877,Residential,Fri May 16 00:00:00 EDT 2008,349000
4509 WINJE DR,ANTELOPE,95843,CA,3,2,2960,Residential,Fri May 16 00:00:00 EDT 2008,350000
1965 LAURELHURST LN,LINCOLN,95648,CA,2,2,0,Residential,Fri May 16 00:00:00 EDT 2008,350000
6709 ROSE BRIDGE DR,ROSEVILLE,95678,CA,3,2,2172,Residential,Fri May 16 00:00:00 EDT 2008,350000
281 SPYGLASS HL,ROSEVILLE,95678,CA,3,2,2100,Condo,Fri May 16 00:00:00 EDT 2008,350000
7709 RIVER VILLAGE DR,SACRAMENTO,95831,CA,3,2,1795,Residential,Fri May 16 00:00:00 EDT 2008,351000
4165 BRISBANE CIR,EL DORADO HILLS,95762,CA,3,2,0,Residential,Fri May 16 00:00:00 EDT 2008,356200
506 BEDFORD CT,ROSEVILLE,95661,CA,4,2,2295,Residential,Fri May 16 00:00:00 EDT 2008,360000
9048 PINTO CANYON WAY,ROSEVILLE,95747,CA,4,3,2577,Residential,Fri May 16 00:00:00 EDT 2008,367463
2274 IVY BRIDGE DR,ROSEVILLE,95747,CA,0,0,0,Residential,Fri May 16 00:00:00 EDT 2008,375000
14004 WALNUT AVE,WALNUT GROVE,95690,CA,3,1,1727,Residential,Fri May 16 00:00:00 EDT 2008,380000
6905 FRANKFORT CT,ELK GROVE,95758,CA,3,2,1485,Residential,Fri May 16 00:00:00 EDT 2008,380578
3621 WINTUN DR,CARMICHAEL,95608,CA,3,2,1655,Residential,Fri May 16 00:00:00 EDT 2008,386222
201 KIRKLAND CT,LINCOLN,95648,CA,0,0,0,Residential,Fri May 16 00:00:00 EDT 2008,389000
12075 APPLESBURY CT,RANCHO CORDOVA,95742,CA,0,0,0,Residential,Fri May 16 00:00:00 EDT 2008,390000
1975 SIDESADDLE WAY,ROSEVILLE,95661,CA,3,2,2049,Residential,Fri May 16 00:00:00 EDT 2008,395500
5420 ALMOND FALLS WAY,RANCHO CORDOVA,95742,CA,0,0,0,Residential,Fri May 16 00:00:00 EDT 2008,396000
9677 PILLITERI CT,ELK GROVE,95757,CA,5,3,2875,Residential,Fri May 16 00:00:00 EDT 2008,397000
1515 EL CAMINO VERDE DR,LINCOLN,95648,CA,0,0,0,Residential,Fri May 16 00:00:00 EDT 2008,400000
556 PLATT CIR,EL DORADO HILLS,95762,CA,4,2,2199,Residential,Fri May 16 00:00:00 EDT 2008,400000
1792 DIAMOND WOODS CIR,ROSEVILLE,95747,CA,4,3,0,Residential,Fri May 16 00:00:00 EDT 2008,412500
1124 PERKINS WAY,SACRAMENTO,95818,CA,2,1,1304,Residential,Fri May 16 00:00:00 EDT 2008,413500
4748 SALEM WAY,CARMICHAEL,95608,CA,3,2,2334,Residential,Fri May 16 00:00:00 EDT 2008,415000
1484 RADCLIFFE WAY,AUBURN,95603,CA,4,3,2278,Residential,Fri May 16 00:00:00 EDT 2008,420454
51 AIKEN WAY,SACRAMENTO,95819,CA,3,1,1493,Residential,Fri May 16 00:00:00 EDT 2008,425000
2818 KNOLLWOOD DR,CAMERON PARK,95682,CA,3,2,0,Residential,Fri May 16 00:00:00 EDT 2008,425000
1536 STONEY CROSS LN,LINCOLN,95648,CA,0,0,0,Residential,Fri May 16 00:00:00 EDT 2008,433500
509 CASTILLIAN CT,ROSEVILLE,95747,CA,5,3,0,Residential,Fri May 16 00:00:00 EDT 2008,438000
700 HUNTER PL,FOLSOM,95630,CA,5,3,2787,Residential,Fri May 16 00:00:00 EDT 2008,441000
1240 FAY CIR,SACRAMENTO,95831,CA,5,3,2824,Residential,Fri May 16 00:00:00 EDT 2008,445000
1113 SANDWICK WAY,FOLSOM,95630,CA,4,3,3261,Residential,Fri May 16 00:00:00 EDT 2008,446000
3108 DELWOOD WAY,SACRAMENTO,95821,CA,4,2,2053,Residential,Fri May 16 00:00:00 EDT 2008,450000
3212 CORNICHE LN,ROSEVILLE,95661,CA,4,3,2379,Residential,Fri May 16 00:00:00 EDT 2008,455000
2159 BECKETT DR,EL DORADO HILLS,95762,CA,3,2,0,Residential,Fri May 16 00:00:00 EDT 2008,460000
4320 FOUR SEASONS RD,PLACERVILLE,95667,CA,3,2,0,Residential,Fri May 16 00:00:00 EDT 2008,475000
6401 MARSHALL RD,GARDEN VALLEY,95633,CA,3,2,0,Residential,Fri May 16 00:00:00 EDT 2008,490000
2089 BECKETT DR,EL DORADO HILLS,95762,CA,4,2,0,Residential,Fri May 16 00:00:00 EDT 2008,493000
6196 EDGEHILL DR,EL DORADO HILLS,95762,CA,5,4,0,Residential,Fri May 16 00:00:00 EDT 2008,508000
200 HILLSFORD CT,ROSEVILLE,95747,CA,0,0,0,Residential,Fri May 16 00:00:00 EDT 2008,511000
8217 PLUMERIA AVE,FAIR OAKS,95628,CA,3,2,3173,Residential,Fri May 16 00:00:00 EDT 2008,525000
4841 VILLAGE GREEN DR,EL DORADO HILLS,95762,CA,4,3,0,Residential,Fri May 16 00:00:00 EDT 2008,533000
3863 LAS PASAS WAY,SACRAMENTO,95864,CA,3,1,1348,Residential,Fri May 16 00:00:00 EDT 2008,545000
820 DANA CT,AUBURN,95603,CA,4,3,0,Residential,Fri May 16 00:00:00 EDT 2008,560000
1165 37TH ST,SACRAMENTO,95816,CA,2,1,1252,Residential,Fri May 16 00:00:00 EDT 2008,575000
203 CASCADE FALLS DR,FOLSOM,95630,CA,4,3,3229,Residential,Fri May 16 00:00:00 EDT 2008,575000
9880 IZILDA CT,SACRAMENTO,95829,CA,5,4,3863,Residential,Fri May 16 00:00:00 EDT 2008,598695
1800 AVONDALE DR,ROSEVILLE,95747,CA,5,3,0,Residential,Fri May 16 00:00:00 EDT 2008,600000
4620 BROMWICH CT,ROCKLIN,95677,CA,4,3,0,Residential,Fri May 16 00:00:00 EDT 2008,600000
620 KESWICK CT,GRANITE BAY,95746,CA,4,3,2356,Residential,Fri May 16 00:00:00 EDT 2008,600000
4478 GREENBRAE RD,ROCKLIN,95677,CA,0,0,0,Residential,Fri May 16 00:00:00 EDT 2008,600000
8432 BRIGGS DR,ROSEVILLE,95747,CA,5,3,3579,Residential,Fri May 16 00:00:00 EDT 2008,610000
200 CRADLE MOUNTAIN CT,EL DORADO HILLS,95762,CA,0,0,0,Residential,Fri May 16 00:00:00 EDT 2008,622500
2065 IMPRESSIONIST WAY,EL DORADO HILLS,95762,CA,0,0,0,Residential,Fri May 16 00:00:00 EDT 2008,680000
2982 ABERDEEN LN,EL DORADO HILLS,95762,CA,4,3,0,Residential,Fri May 16 00:00:00 EDT 2008,879000
9401 BARREL RACER CT,WILTON,95693,CA,4,3,4400,Residential,Fri May 16 00:00:00 EDT 2008,884790
3720 VISTA DE MADERA,LINCOLN,95648,CA,3,3,0,Residential,Fri May 16 00:00:00 EDT 2008,1551
14151 INDIO DR,SLOUGHHOUSE,95683,CA,3,4,5822,Residential,Fri May 16 00:00:00 EDT 2008,2000
7401 TOULON LN,SACRAMENTO,95828,CA,4,2,1512,Residential,Thu May 15 00:00:00 EDT 2008,56950
9127 NEWHALL DR Unit 34,SACRAMENTO,95826,CA,1,1,611,Condo,Thu May 15 00:00:00 EDT 2008,60000
5937 BAMFORD DR,SACRAMENTO,95823,CA,2,1,876,Residential,Thu May 15 00:00:00 EDT 2008,61000
5672 HILLSDALE BLVD,SACRAMENTO,95842,CA,2,1,933,Condo,Thu May 15 00:00:00 EDT 2008,62000
3920 39TH ST,SACRAMENTO,95820,CA,2,1,864,Residential,Thu May 15 00:00:00 EDT 2008,68566
701 JESSIE AVE,SACRAMENTO,95838,CA,2,1,1011,Residential,Thu May 15 00:00:00 EDT 2008,70000
83 ARCADE BLVD,SACRAMENTO,95815,CA,4,2,1158,Residential,Thu May 15 00:00:00 EDT 2008,80000
601 REGGINALD WAY,SACRAMENTO,95838,CA,3,2,1092,Residential,Thu May 15 00:00:00 EDT 2008,85500
550 DEL VERDE CIR,SACRAMENTO,95833,CA,2,1,956,Condo,Thu May 15 00:00:00 EDT 2008,92000
4113 DAYSTAR CT,SACRAMENTO,95824,CA,2,2,1139,Residential,Thu May 15 00:00:00 EDT 2008,93600
7374 TISDALE WAY,SACRAMENTO,95822,CA,3,1,1058,Residential,Thu May 15 00:00:00 EDT 2008,95000
3348 RIO LINDA BLVD,SACRAMENTO,95838,CA,3,2,1040,Residential,Thu May 15 00:00:00 EDT 2008,97750
3935 LIMESTONE WAY,SACRAMENTO,95823,CA,3,2,1354,Residential,Thu May 15 00:00:00 EDT 2008,104000
6208 GRATTAN WAY,NORTH HIGHLANDS,95660,CA,3,1,1051,Residential,Thu May 15 00:00:00 EDT 2008,105000
739 E WOODSIDE LN Unit E,SACRAMENTO,95825,CA,1,1,682,Condo,Thu May 15 00:00:00 EDT 2008,107666
4225 46TH AVE,SACRAMENTO,95824,CA,3,1,1161,Residential,Thu May 15 00:00:00 EDT 2008,109000
1434 BELL AVE,SACRAMENTO,95838,CA,3,1,1004,Residential,Thu May 15 00:00:00 EDT 2008,110000
5628 GEORGIA DR,NORTH HIGHLANDS,95660,CA,3,1,1229,Residential,Thu May 15 00:00:00 EDT 2008,110000
7629 BETH ST,SACRAMENTO,95832,CA,3,2,1249,Residential,Thu May 15 00:00:00 EDT 2008,112500
2277 BABETTE WAY,SACRAMENTO,95832,CA,3,2,1161,Residential,Thu May 15 00:00:00 EDT 2008,114800
6561 WEATHERFORD WAY,SACRAMENTO,95823,CA,3,1,1010,Residential,Thu May 15 00:00:00 EDT 2008,116000
3035 ESTEPA DR Unit 5C,CAMERON PARK,95682,CA,0,0,0,Condo,Thu May 15 00:00:00 EDT 2008,119000
5136 CABOT CIR,SACRAMENTO,95820,CA,4,2,1462,Residential,Thu May 15 00:00:00 EDT 2008,121500
7730 ROBINETTE RD,SACRAMENTO,95828,CA,3,2,1269,Residential,Thu May 15 00:00:00 EDT 2008,122000
87 LACAM CIR,SACRAMENTO,95820,CA,2,2,1188,Residential,Thu May 15 00:00:00 EDT 2008,123675
1691 NOGALES ST,SACRAMENTO,95838,CA,4,2,1570,Residential,Thu May 15 00:00:00 EDT 2008,126854
3118 42ND ST,SACRAMENTO,95817,CA,3,2,1093,Residential,Thu May 15 00:00:00 EDT 2008,127059
7517 50TH AVE,SACRAMENTO,95828,CA,3,1,962,Residential,Thu May 15 00:00:00 EDT 2008,128687
4071 EVALITA WAY,SACRAMENTO,95823,CA,3,2,1089,Residential,Thu May 15 00:00:00 EDT 2008,129500
7928 36TH AVE,SACRAMENTO,95824,CA,3,2,1127,Residential,Thu May 15 00:00:00 EDT 2008,130000
6631 DEMARET DR,SACRAMENTO,95822,CA,4,2,1309,Residential,Thu May 15 00:00:00 EDT 2008,131750
7043 9TH AVE,RIO LINDA,95673,CA,2,1,970,Residential,Thu May 15 00:00:00 EDT 2008,132000
97 KENNELFORD CIR,SACRAMENTO,95823,CA,3,2,1144,Residential,Thu May 15 00:00:00 EDT 2008,134000
2636 TRONERO WAY,RANCHO CORDOVA,95670,CA,3,1,1000,Residential,Thu May 15 00:00:00 EDT 2008,134000
1530 TOPANGA LN Unit 204,LINCOLN,95648,CA,0,0,0,Condo,Thu May 15 00:00:00 EDT 2008,138000
3604 KODIAK WAY,ANTELOPE,95843,CA,3,2,1206,Residential,Thu May 15 00:00:00 EDT 2008,142000
2149 COTTAGE WAY,SACRAMENTO,95825,CA,3,1,1285,Residential,Thu May 15 00:00:00 EDT 2008,143012
8632 PRAIRIEWOODS DR,SACRAMENTO,95828,CA,3,2,1543,Residential,Thu May 15 00:00:00 EDT 2008,145846
612 STONE BLVD,WEST SACRAMENTO,95691,CA,2,1,884,Residential,Thu May 15 00:00:00 EDT 2008,147000
4180 12TH AVE,SACRAMENTO,95817,CA,3,1,1019,Residential,Thu May 15 00:00:00 EDT 2008,148750
8025 ARROYO VISTA DR,SACRAMENTO,95823,CA,4,2,1392,Residential,Thu May 15 00:00:00 EDT 2008,150000
5754 WALERGA RD Unit 4,SACRAMENTO,95842,CA,2,1,924,Condo,Thu May 15 00:00:00 EDT 2008,150454
8 LA ROCAS CT,SACRAMENTO,95823,CA,3,2,1217,Residential,Thu May 15 00:00:00 EDT 2008,151087
8636 LONGSPUR WAY,ANTELOPE,95843,CA,3,2,1670,Residential,Thu May 15 00:00:00 EDT 2008,157296
1941 EXPEDITION WAY,SACRAMENTO,95832,CA,3,2,1302,Residential,Thu May 15 00:00:00 EDT 2008,157500
4351 TURNBRIDGE DR,SACRAMENTO,95823,CA,3,2,1488,Residential,Thu May 15 00:00:00 EDT 2008,160000
6513 HOLIDAY WAY,NORTH HIGHLANDS,95660,CA,3,2,1373,Residential,Thu May 15 00:00:00 EDT 2008,160000
8321 MISTLETOE WAY,CITRUS HEIGHTS,95621,CA,4,2,1381,Residential,Thu May 15 00:00:00 EDT 2008,161250
5920 VALLEY GLEN WAY,SACRAMENTO,95823,CA,3,2,1265,Residential,Thu May 15 00:00:00 EDT 2008,164000
2601 SAN FERNANDO WAY,SACRAMENTO,95818,CA,2,1,881,Residential,Thu May 15 00:00:00 EDT 2008,165000
501 POPLAR AVE,WEST SACRAMENTO,95691,CA,0,0,0,Residential,Thu May 15 00:00:00 EDT 2008,165000
8008 SAINT HELENA CT,SACRAMENTO,95829,CA,4,2,1608,Residential,Thu May 15 00:00:00 EDT 2008,165750
6517 DONEGAL DR,CITRUS HEIGHTS,95621,CA,3,1,1344,Residential,Thu May 15 00:00:00 EDT 2008,166000
1001 RIO NORTE WAY,SACRAMENTO,95834,CA,3,2,1202,Residential,Thu May 15 00:00:00 EDT 2008,169000
604 P ST,LINCOLN,95648,CA,3,2,1104,Residential,Thu May 15 00:00:00 EDT 2008,170000
10001 WOODCREEK OAKS BLVD Unit 815,ROSEVILLE,95747,CA,2,2,0,Condo,Thu May 15 00:00:00 EDT 2008,170000
7351 GIGI PL,SACRAMENTO,95828,CA,4,2,1859,Multi-Family,Thu May 15 00:00:00 EDT 2008,170000
7740 DIXIE LOU ST,SACRAMENTO,95832,CA,3,2,1232,Residential,Thu May 15 00:00:00 EDT 2008,170000
7342 DAVE ST,SACRAMENTO,95828,CA,3,1,1638,Residential,Thu May 15 00:00:00 EDT 2008,170725
7687 HOWERTON DR,SACRAMENTO,95831,CA,2,2,1177,Residential,Thu May 15 00:00:00 EDT 2008,171750
26 KAMSON CT,SACRAMENTO,95833,CA,3,2,1582,Residential,Thu May 15 00:00:00 EDT 2008,172000
7045 PEEVEY CT,SACRAMENTO,95823,CA,2,2,904,Residential,Thu May 15 00:00:00 EDT 2008,173056
8916 GABLES MILL PL,ELK GROVE,95758,CA,3,2,1340,Residential,Thu May 15 00:00:00 EDT 2008,174000
1140 EDMONTON DR,SACRAMENTO,95833,CA,3,2,1204,Residential,Thu May 15 00:00:00 EDT 2008,174250
8879 APPLE PEAR CT,ELK GROVE,95624,CA,4,2,1477,Residential,Thu May 15 00:00:00 EDT 2008,176850
9 WIND CT,SACRAMENTO,95823,CA,4,2,1497,Residential,Thu May 15 00:00:00 EDT 2008,179500
8570 SHERATON DR,FAIR OAKS,95628,CA,3,1,960,Residential,Thu May 15 00:00:00 EDT 2008,185000
1550 TOPANGA LN Unit 207,LINCOLN,95648,CA,0,0,0,Condo,Thu May 15 00:00:00 EDT 2008,188000
1080 RIO NORTE WAY,SACRAMENTO,95834,CA,3,2,1428,Residential,Thu May 15 00:00:00 EDT 2008,188700
5501 VALLETTA WAY,SACRAMENTO,95820,CA,3,1,1039,Residential,Thu May 15 00:00:00 EDT 2008,189000
5624 MEMORY LN,FAIR OAKS,95628,CA,3,1,1529,Residential,Thu May 15 00:00:00 EDT 2008,189000
6622 WILLOWLEAF DR,CITRUS HEIGHTS,95621,CA,4,3,1892,Residential,Thu May 15 00:00:00 EDT 2008,189836
27 MEGAN CT,SACRAMENTO,95838,CA,4,2,1887,Residential,Thu May 15 00:00:00 EDT 2008,190000
6601 WOODMORE OAKS DR,ORANGEVALE,95662,CA,3,2,1294,Residential,Thu May 15 00:00:00 EDT 2008,191250
1973 DANVERS WAY,SACRAMENTO,95832,CA,3,2,1638,Residential,Thu May 15 00:00:00 EDT 2008,191675
8001 ARROYO VISTA DR,SACRAMENTO,95823,CA,3,2,1677,Residential,Thu May 15 00:00:00 EDT 2008,195500
7409 VOYAGER WAY,CITRUS HEIGHTS,95621,CA,3,1,1073,Residential,Thu May 15 00:00:00 EDT 2008,198000
815 CROSSWIND DR,SACRAMENTO,95838,CA,3,2,1231,Residential,Thu May 15 00:00:00 EDT 2008,200000
5509 LAGUNA CREST WAY,ELK GROVE,95758,CA,3,2,1175,Residential,Thu May 15 00:00:00 EDT 2008,200000
8424 MERRY HILL WAY,ELK GROVE,95624,CA,3,2,1416,Residential,Thu May 15 00:00:00 EDT 2008,200000
1525 PENNSYLVANIA AVE,WEST SACRAMENTO,95691,CA,0,0,0,Residential,Thu May 15 00:00:00 EDT 2008,200100
5954 BRIDGECROSS DR,SACRAMENTO,95835,CA,3,2,1358,Residential,Thu May 15 00:00:00 EDT 2008,201528
8789 SEQUOIA WOOD CT,ELK GROVE,95624,CA,4,2,1609,Residential,Thu May 15 00:00:00 EDT 2008,204750
6600 SILVERTHORNE CIR,SACRAMENTO,95842,CA,4,3,1968,Residential,Thu May 15 00:00:00 EDT 2008,205000
2221 2ND AVE,SACRAMENTO,95818,CA,2,2,1089,Residential,Thu May 15 00:00:00 EDT 2008,205000
3230 SMATHERS WAY,CARMICHAEL,95608,CA,3,2,1296,Residential,Thu May 15 00:00:00 EDT 2008,205900
5209 LAGUNA CREST WAY,ELK GROVE,95758,CA,2,2,1189,Residential,Thu May 15 00:00:00 EDT 2008,207000
416 LEITCH AVE,SACRAMENTO,95815,CA,2,1,795,Residential,Thu May 15 00:00:00 EDT 2008,207973
2100 BEATTY WAY,ROSEVILLE,95747,CA,3,2,1371,Residential,Thu May 15 00:00:00 EDT 2008,208250
6920 GILLINGHAM WAY,NORTH HIGHLANDS,95660,CA,3,1,1310,Residential,Thu May 15 00:00:00 EDT 2008,208318
82 WILDFLOWER DR,GALT,95632,CA,3,2,1262,Residential,Thu May 15 00:00:00 EDT 2008,209347
8652 BANTON CIR,ELK GROVE,95624,CA,4,2,1740,Residential,Thu May 15 00:00:00 EDT 2008,211500
8428 MISTY PASS WAY,ANTELOPE,95843,CA,3,2,1517,Residential,Thu May 15 00:00:00 EDT 2008,212000
7958 ROSEVIEW WAY,SACRAMENTO,95828,CA,3,2,1450,Residential,Thu May 15 00:00:00 EDT 2008,213000
9020 LUKEN CT,ELK GROVE,95624,CA,3,2,1416,Residential,Thu May 15 00:00:00 EDT 2008,216000
7809 VALLECITOS WAY,SACRAMENTO,95828,CA,3,1,888,Residential,Thu May 15 00:00:00 EDT 2008,216021
8445 OLD AUBURN RD,CITRUS HEIGHTS,95610,CA,3,2,1882,Residential,Thu May 15 00:00:00 EDT 2008,219000
10085 ATKINS DR,ELK GROVE,95757,CA,3,2,1302,Residential,Thu May 15 00:00:00 EDT 2008,219794
9185 CERROLINDA CIR,ELK GROVE,95758,CA,3,2,1418,Residential,Thu May 15 00:00:00 EDT 2008,220000
9197 CORTINA CIR,ROSEVILLE,95678,CA,3,2,0,Condo,Thu May 15 00:00:00 EDT 2008,220000
5429 HESPER WAY,CARMICHAEL,95608,CA,4,2,1319,Residential,Thu May 15 00:00:00 EDT 2008,220000
1178 WARMWOOD CT,GALT,95632,CA,4,2,1770,Residential,Thu May 15 00:00:00 EDT 2008,220000
4900 ELUDE CT,SACRAMENTO,95842,CA,4,2,1627,Residential,Thu May 15 00:00:00 EDT 2008,223000
3557 SODA WAY,SACRAMENTO,95834,CA,0,0,0,Residential,Thu May 15 00:00:00 EDT 2008,224000
3528 SAINT GEORGE DR,SACRAMENTO,95821,CA,3,1,1040,Residential,Thu May 15 00:00:00 EDT 2008,224000
7381 WASHBURN WAY,NORTH HIGHLANDS,95660,CA,3,1,960,Residential,Thu May 15 00:00:00 EDT 2008,224252
2181 WINTERHAVEN CIR,CAMERON PARK,95682,CA,3,2,0,Residential,Thu May 15 00:00:00 EDT 2008,224500
7540 HICKORY AVE,ORANGEVALE,95662,CA,3,1,1456,Residential,Thu May 15 00:00:00 EDT 2008,225000
5024 CHAMBERLIN CIR,ELK GROVE,95757,CA,3,2,1450,Residential,Thu May 15 00:00:00 EDT 2008,228000
2400 INVERNESS DR,LINCOLN,95648,CA,3,2,1358,Residential,Thu May 15 00:00:00 EDT 2008,229027
5 BISHOPGATE CT,SACRAMENTO,95823,CA,4,2,1329,Residential,Thu May 15 00:00:00 EDT 2008,229500
5601 REXLEIGH DR,SACRAMENTO,95823,CA,4,2,1715,Residential,Thu May 15 00:00:00 EDT 2008,230000
1909 YARNELL WAY,ELK GROVE,95758,CA,3,2,1262,Residential,Thu May 15 00:00:00 EDT 2008,230000
9169 GARLINGTON CT,SACRAMENTO,95829,CA,4,3,2280,Residential,Thu May 15 00:00:00 EDT 2008,232425
6932 RUSKUT WAY,SACRAMENTO,95823,CA,3,2,1477,Residential,Thu May 15 00:00:00 EDT 2008,234000
7933 DAFFODIL WAY,CITRUS HEIGHTS,95610,CA,3,2,1216,Residential,Thu May 15 00:00:00 EDT 2008,235000
8304 RED FOX WAY,ELK GROVE,95758,CA,4,2,1685,Residential,Thu May 15 00:00:00 EDT 2008,235301
3882 YELLOWSTONE LN,EL DORADO HILLS,95762,CA,3,2,1362,Residential,Thu May 15 00:00:00 EDT 2008,235738
